source_row,episode,start_time,end_time,question_type,record_sha256
0,6,0,5,1.3,cdec618a4abdc5c8ec24ff5998b1da50820e81bd2183191b3c5802e622ab0e4b
1,23,0,21,1.3,d88680099a910196e1776c974c6adb7114be26f64854ee0509abad261c71497e
2,23,21,21,1.1,c81cb0fd81c73bde3561ac3977eec5f7c13765d8b703d0a886480a7264c3caaa
3,43,0,7,1.2,0e6dbac6549b3ad6535f3ffc6a6b9344d4bc331c8a1e3ae001d77ccf5156f874
4,43,8,14,1.1,0689b8b5bd171ce5716224ac3741f65dc890a4026117c05d51c1d548734e3081
5,43,15,17,1.2,800693ef97d6f084baf1566f837b9b46a56a35bf6b629f03c0ddbd05a17e992d
6,43,18,25,1.1,69537e5da2497827a5b3fbb63abae401634144a4133460d6a791ace50ba7d2f3
7,51,0,10,1.3,0fc6866870dce7c3c7ea5020230a2f4cc48828df02256a70b2c5ff93a3917eea
8,54,0,10,1.1,b83a9878a35bd2b6f89746aff03ae087bfedc0b6b14476159ff7f48283099c7f
9,61,0,11,1.2,0232094e3e9c05d656bda3a3ac33810c1675c62a38ff7399931bc463beb2230f
10,61,12,20,1.2,ab5d0e12b4cc7f2fed2811a879448d7fbc42437992a8dd69b96199d6dedd2d40
11,61,21,27,1.1,b30de46b96ba549e138992927aab83402b677fa5c6f0a7e963dbb8a8028f244e
12,65,0,6,1.1,6ed5e8389b5db30d07e9d038bcdd3b733312496f02f6f56e72d81a2fdb8e5d72
13,65,7,8,1.2,07bb281bd109ca435b95a55fa676807f97b10f647f8083077f51c9a56235a178
14,65,9,13,1.2,bf8e501e26d9733781e105e6ed54b20a240518acb382d0db26e47c73a96265bf
15,65,14,15,1.2,3cba152715cd581e282ec388fe066c6fbe92194e618273943bea9c5563e0ff79
16,65,16,22,1.1,143306c3719d3b14d3a54d8b575b212ca6f9c636f4f67cfa26f8f4a08df2c397
17,114,0,9,1.1,8b2a7176e9d8905fd86f1f959329467d36bffbaa8daa5f867f3fe4642f4ab137
18,124,0,12,1.2,8e63ec4aa22d46f1bf8b914da065a995efd5ec94c7e3bc17ccac250f62cf3745
19,124,13,14,1.2,6fd007547636a855f1f6b8f2394f1c2fecd2974e8ced1381cb298597a9356df4
20,124,15,25,1.1,9cd3a7b2d523042e85544fef63448f66fa4c11c06a8e8688bddc7d32208fe71c
21,124,26,34,1.2,78c56320acde196a01f5cc3ba5539e0b3a6a87d46482b9e31194d3e64e2cb1fb
22,130,0,9,1.3,5f754c2efd20c77ebb09ce9097f53f9564055f88ad1d2671508527f3921945b5
23,130,10,11,1.1,f4d0db916affe7787e786a2d5f755870642f4d08ff3f0c8e5df84b32c2b47f66
24,130,12,15,1.1,c2229664f999896d914d06c8bffe3ceb975fb099f9adaf1befe2f2cae1408d60
25,131,0,9,1.1,17ecfcc1a09c94570bff5dbe71af98447a311cd131bbc7e38f232080f8f3394a
26,131,10,11,1.3,7db98c665931e46148a617c842c7d2007c99608dbed016066936403c2bfb72fa
27,131,12,12,1.2,3aa73969c9c66c30e33e231b3cbd2818e9f89340ea8565d6a2600120dd087e36
28,131,13,20,1.1,9e6e7b1ea9a2f830b03a7f246ad52c7cd3d4905d39c89222733ab9c4ec2a0d96
29,135,0,8,1.2,ac09ff13dbcfa05b66efb29dcd9bbb84be35424efb78eccc0cf2491141c44f80
30,135,9,13,1.2,07283c3f4bfaaeee8bc55fc9bd7a5ff83a1b5140b1b1596a1373f1ce2d21b18d
31,135,14,26,1.1,cafb14f9c13e57f84d869a25c6e64d9affd89b8f3a6e8eefe09cfd11c819dcd9
32,139,0,6,1.1,e2ee4c29d2d25996bb22d9b343a07da5f825510027519f2f62011cb09e2ee8b8
33,139,7,9,1.3,210db01e70400ec6e75d71dc7dbe0049cccb74b7fb7ac29bd585d420bdb80820
34,139,10,12,1.2,19b2ab950cc0270a64959b19432b1c1e3d7b4c4c264fa22ca395070c3b9577f7
35,139,13,15,1.1,49e59b8b555a46f8af00c252ca87f89e3137cfcdada2c8dcaf5b1731c6262da9
36,142,0,7,1.2,91383674f84c40ea0fbcdf40d1ed7de5737e778d42142a6037c0df8d5437e201
37,142,8,16,1.3,5bb654a88ab92c7157843b07baf1c8b256ee1bfd37f14481060e6b45a6e3622b
38,143,0,3,1.3,5e09ee117eb5c66f4ba117512a749c77b5fba8b09c65ac00de63d3ef5e83ebf7
39,143,4,5,1.3,7a52dcd82a3045180df4c5a80697879035f3b00f7ea80cbee6e334d235d3b7e8
40,143,6,6,1.2,6d2da96d6b4dd502980306b75e5bf359ebb7409db201dec03c0044cba1478d71
41,143,7,11,1.2,01da06b0f64ba1223d0f470a5b351676ae93ccb8589489a966ede116517b11ff
42,143,12,13,1.1,a303aa007b78df6a32625319d52ef20455d83ce5dad1d8e559ffa9e7b3d2e0bf
43,143,14,23,1.1,278246717d4cf776045fe116a9a1cd48679f739b0f6ba640b5c3a265e257f7c5
44,147,0,1,1.2,b1691a09ebde9d7128afe8271b7a1d545e8a84afac27192c84028e447fdd680e
45,147,2,8,1.2,bb755d4f558c4f9e5df666f0317528e7f9a83dc73b079a1d55a58ff5d4f72f27
46,147,9,12,1.2,0f5d514694d2d72023c106269af55ba5bfa352e6ecae27dbde63378c57c0e87a
47,155,0,12,1.3,1c2017c6ee1f6f1893d25bf14489281c8a4dfe85f45b736acad03c91b987fbb4
48,155,13,14,1.2,50855262bd342a90674318cf6564a34bb33ed9ff85f285b34b5d229b8bc28ac9
49,155,15,26,1.3,68a68d4c5820109b584ec7b72ed61e78f8ff69bed10b380b3b5c60c02017e820
50,155,27,27,1.1,33862a7d7aec0f9eb43b1065dbae12129127517eb55dbc95909c4f8aa4b2ca4b
51,155,28,31,1.1,2d0244ad3c95cb94396f8ea9ebb4b7fdc649313a3fd672f37c25c8c60b12fc29
52,155,32,38,1.1,22832fdd337ed9100e40287fdab4cafa70c17f1eab702991e6094be49e29b13f
53,155,39,49,1.2,c2304b0b541096d37ec2f4cbf472876b58eeda44308c56df1ecef26e449d3dd6
54,187,0,7,1.3,3be1493ee1949e8df764cfb5f7205e1a3a96f767cc8c6e3d031e9efa4254b3f7
55,187,7,7,1.2,d7018fd81d7229e375ecd4df4aa7ac9556a610fbbcbac4653bfe39cb9fa6198b
56,187,8,23,1.3,bb930757230570b61d98818ed0e43611c884d1ac0257216288f806a20bb1fb9a
57,187,24,25,1.2,6665ad20cfd0aefa24f1ddf75a0493a863373477d15d71a3a17aad3e87b11a8f
58,187,26,27,1.3,130b9c6492773a670283a31072c0c7993bd7e4a7f14a204c53c58b849e640815
59,187,28,38,1.1,e898d2e10478c44d9087d4a6ab578a55d0cf4d60991930ec74f5b87152cd8e9c
60,187,39,42,1.2,90c11889a1a977faaed560a178a4bdddda33c3bae1741a6a73189a4cd8290179
61,187,43,48,1.1,a065acfb12fa539d446d963f31a62a0a361c30f342409d126047961af527ba75
62,187,49,55,1.1,fc75e278eb25acc2c572258a41bde226f7838f2dcda5afddd0c971c3248105f8
63,190,0,7,1.1,0956be38a59e517d4f61d3eb2150db24ccb3dad0994d7db27399e015701d44a9
64,190,8,9,1.1,8e05345da38f9115e325d2293284dabe2fd011ed8fd93d102b05a187e1aab550
65,201,0,4,1.2,cb67402466685bd665443b7adc22f6ebd89d0ac7d1e77ccdfb32b0cc9d58cc1b
66,201,5,6,1.3,1b9d0d04baeb78f46ae03e42a6c5b6c9fc06e32102757c86d9b08a1d831b9c0b
67,201,7,7,1.3,c8004f04ac9305f11f2b4c4162b61332d15a27cb2de0dd26e33a8a1524b8ed7b
68,201,8,9,1.1,3c011a16063c284ef9261929f77c77a48e29dfb6c5fa11da038a63587b4a78ad
69,201,10,17,1.3,b5b44df8b10d3bd3636aa3ba7243b5535a85c8775ddd5cd1e0224baa568c010e
70,201,17,17,1.2,fc9611916fcfaf51af51ad2d6e5cf1a50abec8a81784b629a8337b24c0a06c00
71,201,18,23,1.3,b57db1d72ce5a39339e7896402ecfdf5e0e36170dc1fe6470e5af4154ac5bae1
72,202,0,10,1.2,2a1b273884de4d0b371929583cd4778196488f3594ccba7f5ab2aefa3ea09423
73,202,11,14,1.1,3fd089655577ef0f2c621f77261fbe0cb98d552cdc9d57734722b4eaf435711c
74,202,15,30,1.2,35be365165c3527ab8dfc178ce3741afd375255e5b8caa45aff53dbcf03dfac4
75,202,31,39,1.2,d930519d00f176ae353c4e046033145bb2bcc6ccb1cc0f839c6405d5c4d93ee2
76,202,40,43,1.1,9e5e7f255c0b20f1981a8412a4f5f35538094580d00ac5aaf21ac27ab493be55
77,207,0,10,1.3,b58acc4aa4514b01a6dbe01c62bd883c2eb737cfe5880d2574c3bbd6542aea14
78,207,11,14,1.3,d5bb45a34e000ff77297c4dff68fe3fe3ffd7fbb0542d470b62ad643818a812e
79,207,15,17,1.1,99ba10be00efa28a63e309c6397dd57b90b9f860d857ad05a7279400d67e38d3
80,207,18,22,1.3,5ab1990c45fd3f058209162f59b596517c79e5b3cc57ecfded0cd975479e8ce2
81,207,23,23,1.2,4a13983599ed71825e4b64bdf7c79b2ae69eb06ba86a48ea1b9954e29a44735c
82,207,24,28,1.2,d083fb2d6dd2d05d4570f37e93562290cde358e930ab627685592ec873e3dbd4
83,236,0,8,1.2,f807c3f916a319a4d80307793dad0fecbfdedb148d266d71d0188b4d2b6a7f0c
84,236,9,10,1.3,4db0e99e4022fcdfd1cf0be2aa1d1954882e01051e8f726a5731dd0a81229e25
85,236,11,11,1.2,a2dab5473c062aadca1d5c6a95aff212eaf71672ea97ec85e381d6c4880c3ae3
86,236,12,17,1.3,ee333bc40ea5d430d88b2122d9fa7da23b634128d3ba99e17f7612f269a8eef2
87,236,17,17,1.1,73bad3238523cbfce4a5a5832f7f65eb8980713d583f478b36471f55474881bc
88,252,0,21,1.1,ae1723ca8b39397dfa12beaabdc5068f539a81962671a8f7b36e87794bb297e4
89,252,22,30,1.3,3455ac9bb62e853ffb26546c68d9d492c13f2f2ecd9b93fff86fe6451666cad0
90,252,31,32,1.3,4c82da166e22a0a5daf2eafaf252b453921e185b349ccf132f5699b853c72aba
91,252,33,36,1.2,0ee11d389275f627a6eed24f4c2c1cca4a0054133c061d7f4e9492604ec98df6
92,252,37,42,1.2,3893170df2eadefb91476ed32a1cbc28ccbfce089c04b773d9714ac932e49dd5
93,252,43,46,1.2,81d74de9d007c92f3e79cb15d033d7fe2380576c56b2a9c97bea195e82b8caa5
94,252,47,54,1.1,01c14a3670713f53779a2ac1f164f72c403f9b43287869b41d5534cca0656a7a
95,252,55,68,1.1,3d5e39f72ba00d2fb523407345af0424328e318990c94ce0e468ee6e46bb7246
96,274,0,7,1.1,19ccce6a2a2af7fcb450db7b7d1d66f8d0b886091be5ee3876e7015a31a297cd
97,274,8,23,1.2,ba50d2ca401a14121b1e3afac6cb7a749fbca92b412a8b12c069ad8bf18570ad
98,274,24,26,1.1,7d2a621c09ac2770b4ea34e2e66f45ed757cc4c13519bcc43db3ef91eefa1f9e
99,274,27,34,1.3,8eaa2d75ac72c030e9140babe4dd0500cb33ead2c368d34c31891bbe2eba1735
100,274,35,36,1.3,9b09f8ab0706e138fc9d009af4a1f2a44c89039fbb0912f0350ccc7a9941dc69
101,274,36,36,1.2,3ed32cdc661a7d24be7dbbebbf69f9d97f038f607ecb2c3f48c4e595adf3abc1
102,274,37,38,1.3,0e844baeeb41459bdda4fff0997d160684e64c049d3f2e84cb3c77d68e72ca5e
103,274,39,44,1.3,f6dfabb4bd6643b65a6f626aa1f242b41163de1306f8b3e9f31b09ac71c24ebc
104,289,0,8,1.2,7bcb509477728ab8efafafed1d8c98585aa02f9f6185e8ffad51e73d5240156e
105,289,9,14,1.1,3856eca8acd1a06d41791620fc17f4f754df19b72495d6d5fc2d1dca7ba39101
106,289,15,19,1.2,3ef73d3f31ec1411e894c49aec86d51944bb208aa7d2147bf3b45282bfecc5c5
107,289,20,21,1.3,bbc49f320f0b6d7690691cf8aaf79326ea20f92e363ccbd93174056bbe7cd956
108,289,22,31,1.3,a790366417bc66024c0a894ed0e548b6188592c4b00021dbfe15e2768c1c4ebd
109,289,32,32,1.2,40c9c115508da0f8cc6b7df3d8ae17ba9daa3b0f413aa5864c276d20e286b668
110,289,33,43,1.3,df1a4ac155c8b8d783bfc770bb165d1b87e67bedc90cfaafbca16ffc52e1fb62
111,289,44,44,1.3,6418c614847563dc402b4e27f198b9db6e3739d8a3837efbe9731979248ddf44
112,289,45,46,1.3,aa650a22f52c8f5411ae41ce359eb95fc835a3bdbda858e28b548d5aae726c41
113,289,47,50,1.3,092b9012c79b04b56c3d8945fa4e8d4c3f24f4314aabd9b693c0662580dfa6ea
114,289,51,51,1.3,d794a025375ad49b4c9718288b11f17a8b56f204919f2f7d1acb9686488947e3
115,289,52,52,1.3,3df035bf9eaa3b541ff761b100200f91634f2f88c88f021e1efc80175d916684
116,289,53,68,1.1,21f186f7f7fe88fe807c7c465aab381e0fd9258b9a26c26d044a8facd198922f
117,291,0,1,1.3,37d30263279b5b68d472960f1e3321f77d118cd57d4c47aea3bf2a1b4037e10b
118,317,0,24,1.2,7273d692fb8e7ca984eec94bbae5ff5537b50a5551ec447978993c3d1ff3a9b7
119,317,25,36,1.2,ac847b25cd574ed2bed5e4d0bc4186d69cfd108b135ac926353e4eed8320e851
120,317,37,43,1.3,9dcd99b4be449c1d9894540f8bca423651a8083d2cb67a692b09c1b96f0a7909
121,317,44,47,1.1,85f9fde138a6a692c10f6403a310d21d1e5833d673b057c99967687901dcb189
122,334,0,4,1.1,9cb0f74d3cc2d82a01c403fbb27ac858558aba54ce614c3b1dfe9628d8bcc5fe
123,358,0,7,1.1,71a709e88b78198bdd4aea07cf80ca13b7efeb02d80c871485e85d551992ba51
124,358,8,17,1.1,5a54968e0627ba55e50638c56ebcaca4b1783cd7f4490d9242730b86df65d1a9
125,375,0,16,1.2,f5be2be9592210a497e253ac6f1bdc3768b253eb5fde6a3c68351368d2a9aef1
126,375,17,19,1.3,3200631fd9b91ee4da43ef84afa661ceff03d27ccb67e545f1d2622be8f40740
127,375,20,20,1.3,01dd4b1867e2a5d62cf5fc6f17f1af3cf417a5766876ace501ccdfa4f95daa4f
128,375,21,27,1.3,454cf9be9e9fa89521eeafb62033ca7e46fbc982869b4e5eff0ab9335fcefbcf
129,375,28,29,1.3,f3bbc2a3e834eb15e5f5cef62813eeb784fa86f0c5b90bc39667dac30c2997d3
130,375,30,30,1.2,aeded3ee5caee7e8269e38d9f08831971ef847e54593e90cadee77e9f2162fe7
131,375,31,36,1.1,a387a75947d44f3a233ccbf6b56880a39c83235ccab318b6311269278a8a9274
132,375,37,42,1.1,6113b8f3ea7d48b609d5e7ac42a3a9ea5f3f77d5f1996d7f4a0e210b0c9a48e9
133,402,0,12,1.3,7025ded4d3f2d17756ccff19bf4693083aa06aba27a4704fbb34d0a632123ebe
134,402,13,13,1.1,ae94d1d856c7b588ff8117af0365c0d8d92364a3a9d996d8447805ea39fed7b3
135,402,14,25,1.3,17dc3ff72892259368cce131ad99f251c74c3df8ad24d4b1c59b6e1617ae7b32
136,402,26,26,1.3,e91b719d4bfd5d0fc42b268e11fd3722f5ed1c581f1a835a503068dd2219ca1a
137,402,27,36,1.3,eba6486c5b00e93789542e895d7f4143a322191ac28072fcb2710a45b1fd3c9b
138,422,0,11,1.2,024f4a3c76dff5ff9051a5e27bacaac0aae65c587cdb7982c41afd093b40406f
139,422,12,14,1.3,90455383529778a08969a6f851a8e7efa15fabdeed05e42002a927f1d5841ba2
140,422,15,16,1.3,1c10b493f93479ba000789f2ceb9d814a12ef4c3baad89e4dc4bd2a434593aad
141,422,17,19,1.1,7f2cbd2447924f22413d34cb844387f137ec4355d2d912eefa6dfb5205d1b0ed
142,422,20,23,1.1,0e7cfa8a74e01aba9ea5e0fbf89c4596877b42ea39c0cac205b7951d97fc8209
143,422,24,30,1.3,132a54740861cb0643b93e61c84584f012b4ff826f202283219491fd62302955
144,422,31,34,1.3,1231e94b72244a895acdc851cfd1de14eca46c44b1242c23949a9e69497d7df7
145,441,0,23,1.2,97dd6fae02ce34d6af33ef3f3c334685049cca68c57c5430a6e98ee08c2c7180
146,441,24,27,1.2,ae56fea7b111bd83623cad82e6081016cfa2f9af065f4ba24eb3718935fb249e
147,441,28,44,1.3,635e69f6587fa717fce1ddb267c6a6400a3cd336b52823d7aa8f3f4335dcea24
148,441,45,48,1.1,74e091ffd55fed476717d989dc7d1849c1331c8dc608ecc8434274d2ab222545
149,445,0,2,1.1,b849622a195f8b50ef472083c1142c06ee23794fbc34779e38fea6f8fd06f782
150,445,3,7,1.2,508362e946751f3481b9352be554e4f1e43abae14fac673f616f39c38bf89383
151,445,8,18,1.1,050be36831fd080ba2493118e39adcd515f1b6817f47f9dbcebb0aa2cc846427
152,460,0,1,1.3,2af9f2961e4a31295919edaca5927ebfead9d13dc5b99871c3375587cb5ebe03
153,462,0,10,1.1,a80fb23bfc1f922753c4a5a8d188492291e42c91617ab93a555e3ae34c472a32
154,462,11,12,1.2,cb62df0567afab9d9714eb74d1bb1b3970e9c195d914ee0f7729635f7acec900
155,462,13,15,1.2,4ba981f3f125c55d484e87fe6c0276fe1cf321763050934405fe8156c10d706e
156,462,16,17,1.3,31446a43b78f351bc7ceb08f69c5e433283862b70438d2037aae89eac8542937
157,462,18,23,1.1,3551a35c2e73a35e24f34fa3725a59c47e9c58973b27b797c2871714d569496f
158,482,0,19,1.3,bf78c1220bcbac4df0e9199a9f7f87010ce0f51aef2f473defd2ec74962d3e60
159,482,20,21,1.1,ea2141cca2de4d8b3b7bb8bf15074bf317a082a81d345216ae01e489344803d1
160,482,22,29,1.3,4bb0d20b678ff1119bceb63cb6463f0f7aac5e10dc5c763479da8a13e181b27e
161,482,30,32,1.2,ff421f62eb662307fb343bb8a4ac08ede7b936aa5d5fc465b66b9f7f13a50911
162,482,33,37,1.2,6f28e57763c560612728b803df73a493bf934416d60cafec1cba6af14f0fd0b2
163,482,38,43,1.2,21a615563264d392712eb1dbab26835b3ff2bb791a8fcec2fb49c4d5412d1313
164,487,0,17,1.3,f91a129dacab295ed4e63cb2d088a601018a7b48637ad10c3af1903594665b2a
165,487,18,19,1.3,faf0752b981f1abc799b1f52dc66b57a530af8df2149b8c7fdd81db0d8f63b49
166,487,20,23,1.3,cf4cfa98bedab5fad846ffad1455878aefd33364e1a55e17a6bff9408bbb372d
167,487,24,39,1.3,194b13a866bcff0ce5dfbcf24f0c2f7cc1efcd9c1ab0519f2bd5171f33a67107
168,487,40,51,1.1,a09a167080fae470bd10fee57e783dc2298fbee04c75cac3b29fb1132a33f48f
169,492,0,17,1.1,124f6dfc1eb0337d582105372d93f2021c61be1cd74206ec964211f6e5c53070
170,509,0,4,1.1,caab95950c72d9f5b2e524b41321b13db95d498c119c426e6e79f6148d4bb765
171,521,0,23,1.1,43233016ee6332e55fb775999d05af3c1633d1f3cae18341830760850d9689de
172,521,24,30,1.3,4bbeccef6a5e7482074a50f6c7c795bc89ba1b48e39e1741c2ca102c20f0316e
173,521,31,37,1.3,8efb5a55179439ba676efdb3ba430ac40af8028eaef230102e9a5a4c57a99d61
174,525,0,6,1.2,4f6850bd1573fd2b73ffbd1ae4b165679a33dafaafb988131e69876535c480f7
175,525,7,11,1.3,b64a4a6ac530a3ce0287eea82afe4241d5c37f84175b4e5083ce6fcda49d60f1
176,525,12,12,1.2,4bc112304e8954dae8c13808e84c4a2ab8161072c3c492765527fc25de9044e0
177,525,13,18,1.3,9128091415583471b15b56bd64654537fb435b35d88f0d095fa3dcb2ee36a324
178,525,19,25,1.3,13c4e58f11b8cd49dc7accab135ebc4ebba2320c2dd9b7b831972e1aa03597e6
179,525,26,27,1.3,72bee3a102a00435303cb048785cc80a57d6a70c9e2e74c14d9d6832f7bfd713
180,525,28,29,1.3,4c5206b563661ceabe1237e4168e708b76be0c4bb82f1f0a7931ccd2aec78f96
181,525,30,30,1.1,83329919c75d3318214e114fdc7999acb5524a3dc6ad5d41a539b48cd1c75c0f
182,527,0,18,1.2,e8f0a6bb831d647184a5671928bf68e02854c09a1b68a74d14feb594bea59440
183,527,19,41,1.2,8175da5ce057cf36a9257a76d232fd3e8deaee838c4bba9c407bb56074d15acd
184,527,42,43,1.3,a820715aa5a2f2256a8192f73d98c8e54c32f51d84bef384cc9ddc0241f2b975
185,527,44,59,1.2,1254979026c23514cf631c8c16912b7e97558eec135221638c6a5ba322089299
186,527,60,61,1.3,ca0f2a0a373119313c8903b92a8bff3b0298a75dd1f29b4c2c172ff7dcdcdbe5
187,527,62,66,1.1,147b883d38f65e335f396f39de8c019d2732a8a2d342ac60f14e8f1e21631636
188,527,67,68,1.3,b81bcfe839d5c9e7915df6b2babb7a8b9d3636447da2b94d885003ee65ac3f37
189,527,69,79,1.1,359ab5a67c9b6340147691a7afc57951ff909316615d9778f8c3beae149fdca5
190,630,0,13,1.2,c39b8f2208209a068122fd634e45e3939bd0ddcccc29809218d1a881f03797b5
191,630,14,21,1.3,1ead70402cb94bab6de54d7289e77cba178c1218d070e2c3eba96ae3d00d6b66
192,630,22,32,1.3,10fc68f09324dd7bf8302c0c0a89474d771a5d45409dff0a7a9cac4a4cb572c8
193,630,33,37,1.3,8ab12759534a8dcf41fdfafd658989361138374fffdedccc9a8a5a3ef53b8f31
194,657,0,21,1.2,086091b39b008188ec4dd58fdf93ab952469223b8257e780e8be018b335e27b3
195,657,22,25,1.3,8472fd1dbb4621e25b6cca04d8007c7395dfd8024524a3c0b9f4117a6b3b0e0c
196,657,26,28,1.3,060c828b464ed4e2c1ffafead123e3d32d48d88f50612f068c3c3d203fc937d1
197,657,29,32,1.1,20d670f419f03a1f63d3b5f6b62b1e56514c410830ba8431b404dd75b96f8f93
198,657,33,35,1.3,7fca6916b26865fb5bb1c3a24b5dc4269ca553a24c801bbfa59b80a9cb7d08a0
199,657,36,38,1.3,20e3c5edf67c4cb9d2e3afb7faab652ab26a6556d84662f3df48cc7f78d695cb
200,657,39,39,1.3,50e3f0f155378cb84f253a4d6a006d5158224694426fa4b3854293b3486a3f85
201,657,40,40,1.1,236db4479bf688731df5ffa30cd7610ef7bc0a1fd781641323b7b3766085f9bc
202,657,41,42,1.3,f1f7c45b774a059fa94e9b09ee61dacaeb854a9242de01346e2cf59a1e0336bf
203,657,43,48,1.3,f04551411ac69c4ca220baeab5d385cfea07bef7cc159286a8ff791a65943ea1
204,657,48,48,1.1,9cf5f3878bbf575d473fad572b8f2b30320a548b936bd964bcc1922116cd4e5c
205,663,0,12,1.3,98a2d2cf0326f161237d412cf14f09ed5df7d6b9edfa7798b6cfecb50ab53373
206,663,13,14,1.1,527ea4cf531fd3e8a1d8b4f4d82d0cb6d3c5b7f2624d70ba6464e761211e96ab
207,663,15,18,1.2,93e0fbef5d4104c8f8da592a85441b93a869df2a60b908b1690e0a012cd61818
208,663,19,20,1.3,d9c4a32e22c8ecb9aab8eab417b6b81bf5d42117492b36067c9db9ceed9e15f5
209,663,21,24,1.2,5e103bdb60293fc0700533cb7608e9bf631e78d3de74c720fd7c2da210a21b4d
210,663,25,26,1.3,997227af8d50fd055b06e12dbf36268a544330b04d0b08be44666c815d56c8c0
211,663,27,45,1.3,0c93b84b37c1115ded40ac9b8e17976c37da31613ba9aa9fe39df68c92baf419
212,663,46,46,1.2,bc7d6868c87ab9936d57398ee83ad467b51446370ae3ef007e7582b5dc7dac29
213,663,47,68,1.2,0e6cd9d994fab5aef90b3eb6dd6cf0deda005c4a38917444ea60778abd1085f4
214,663,69,71,1.2,a94eb0927c7423add7c21e1536b235ea8839453d6b52b732cb15c17f14ad3179
215,663,72,87,1.1,2aa63c16db2739cf7346c37cdaaa2dd8fb57f79e3375edb40c724f269d2cdf05
216,682,0,4,1.1,077b7aecbc4022a1028040bb918209487284897637d9b33bd2c5d50778182f8d
217,682,5,22,1.1,83883b3490abfda4d6d48353ba7675d5bd84ec12f119b13c72ad8ce499b2391b
218,745,0,16,1.1,5d39439e8526cb070381dcc50dcdcdd9fe119d0ce0ce0ec43eaf37cf245ff530
219,761,0,6,1.1,9b0d68970a79e856a39bdbc36964910585d5fe9bc3505b3f48ceebe1f7fdb825
220,764,0,9,1.2,ef289c4a0fc7612ccebeb4a020a6d7aba0dddb02402dac553590273752f63493
221,764,10,11,1.2,7c0c49ef03d15ddee5060245c09269b010e37b1573170c5e08da96d5a25471c6
222,764,12,15,1.1,e4eaf13ea9f62ffeefc90e444f31f74cd0106b88986552a6cc9e54f9c3dbf0d4
223,798,0,5,1.2,46020bc5714f932bff70344fb0197a64a18f048df5ae7f2bb5a7234782c04f48
224,798,6,16,1.1,6d9569c5b1130e8a9a23d055c902731f570de111b1d86eb487440c0d8eaf73ba
225,798,17,45,1.2,f553fb745966c6a9b993c09c392390a8a5f0a795da2188f58f9ea45d9af33157
226,800,0,7,1.3,09c8dd26959f6c5b44fd569f0916127e8ef9475d8b070be90b4251b6af27f454
227,800,8,8,1.3,c279e6a130a09bae0304886d500bf320abf8826ba2880dce5f7a040a786c4724
228,800,9,9,1.3,50af81d1f6c7c778dbdca0c9f04681365a46b3bd00d4d29998b2d369eb0d871b
229,800,10,11,1.1,2ec94c2683ddcc2fdf9da1fdab5505bfa6263b4804462a65a275542f07976362
230,800,12,14,1.3,b58b7e8e51c8599d693ceb1874fbb02f66353e07a6f54ffbee22aee1843f48c5
231,811,0,27,1.3,8ff99a3e8a3dd33d30217b2f4461143f3d42ab9b512669285b5c8ce990bb3dff
232,811,28,29,1.2,5a22af1e06ff9d66a21f7fb53a92d1afae266f58a2c6d6744453a815ab72d223
233,811,30,35,1.3,b11dabe34693b61b09ab57beab9f9da9535cdeef497e3d577b7b54091a331da7
234,811,35,35,1.1,61f66f476a820a1c8dc2aced61361d0bf412e62528e052f1de6010fb62b355fc
235,811,36,43,1.2,6f40a00c2e1ceeea2a53b64cdeb8726f5fe63adaade0742e586749a6d6b0bef0
236,811,44,56,1.1,5f75097f029f7235bd739dc8cd7f0dc50dc7f8644d8504894048683a565e0099
237,811,57,69,1.2,cc4504f665e33dba958c3f38e4d3570b54035afbcd72bc5c34de408c19c9d0e5
238,811,70,75,1.1,09fc21f5d579ad07a32913b14366a5fd2b7afb5f7f3cf06a3aa5acd6e89be59d
239,865,0,5,1.1,d03f57c19a2fb9c378268b75a07ce374e9252e54a8cc0dc2d7c3b310014bc224
240,890,0,4,1.2,416443ab45c7065440998056754317e3bae3a6700e8ac9ce6e30db91aae55098
241,890,5,11,1.3,35852207085d48dcf54151bb388dfc32c710b6ed2c8bc51716866d17880572ec
242,890,12,13,1.3,8d805f19213b268dd8f52b852bb40ed213d7d5dec5e53f2025bfbcec63ebec3d
243,890,14,16,1.3,530ddab74ac3f944d7acbce847a29353595e1a77ca9447608ce526ae043716f0
244,890,17,19,1.1,b2a6e04bfa9f308efcb36eb84a24211c69379da4cc206ebf3e8eb13132437698
245,890,20,21,1.3,eb0b862c8e63856591eec169e89ab2f7bd862f28c0ca1266c0d8f99ceafd481a
246,890,22,22,1.2,f85ccf5925e0689aa87ddbf6370cbaccc729ea75381079684a9310ff137574ad
247,891,0,13,1.2,b4a828e2d7a63090be74c2c72b617a8c782e693dfb22e79f5e92305980863558
248,891,14,17,1.3,a79fd71aa2a2e8384d02eab88c83dc7c1a3226bbd25c56a33c94f08774927de9
249,891,18,20,1.1,2d02789f452108f7f1386bc6ee2a46255fcd9db1e5b97e621d84ac947e9606cc
250,891,21,22,1.2,a70dcb17688429b16de927184c2fe1314d9408306e738d6ac8ecb88ba156abd6
251,891,23,26,1.3,1851b29f55fa4294d1786d5262c8e531df30bdfbe5281e7d646f44aea00db1b6
252,891,27,30,1.1,25d640e6bf0d6d006dacb928903d888ebe6411f070b04d449128082addafa514
253,891,31,60,1.1,789a8505a3ae12f9f5d27b8acc804f57cdb5a32fa45d3ce70afca0e5c4ff0a08
254,964,0,14,1.1,301b39533bb399b178662a3952adbd7a283d8176b335fa690467261461604f73
255,966,0,1,1.2,8d46f78981891e9fe1dc8f272b71365889c67e37cc0474f1b0c46c782164353f
256,966,2,18,1.2,b3c571d6e5288f2ffe80c026a5e70c5f565338211eb8afe97d176ee4147fa64a
257,966,19,31,1.3,dea2aac6703c15f97bb0f93ab6ed3a5e71ca2b8c58c3a4f335a0619fa883375d
258,966,32,32,1.2,73f77209f85aac85804356a220eedf1baf4d3f15c28e81e75ac40d3057891e21
259,966,33,46,1.1,25d57f005ac2a5005315947332440f354bbc72cf6488f3a4b5427f4d5ae83440
260,973,0,0,1.1,d12953a91b71d496aaf295a4ed75c0f7e0aab40a5ef6a036fe7216617aacba76
261,984,0,10,1.2,375a37bbd73a968925b32c151ea06080162182388fae1fef2939320f2c2beaea
262,984,11,25,1.2,02a18d2d816a41eec748f36582f78b4e7ce93e2fe99399c86fb696f5a2781cbe
263,984,26,38,1.3,dd7982936b57c2444734e04dc0643153ccc2bd7370305c009ac0260a0ab15b22
264,1031,0,14,1.1,05d6273f73b3b4346c3043f5a1a41d3502c4f2b1850c3792d4732a0fb5da6f3c
265,1031,15,29,1.2,6d8f64419d2df696bbe40b8f0feaf3269e31b023a9a4c71f066f550a2a620ad4
266,1031,30,43,1.1,cbad62328a514ea44d5df3e3b1f67f6718211af46538849b1e10491142bab22e
267,1079,0,10,1.2,a1a035bb6ecde5b27da161c18e66a9af7648c8add5cdd1112c5b2ecc2d693069
268,1079,11,25,1.1,b68674c60069312261db0aa0d083cb222a0f7513c91e0146d6e500dfa5946a21
269,1079,26,27,1.2,fcc99332cbe33ca9cf7aa47d10f863acbb4d2c1907e271b9dff4c39f1ac7fd1e
270,1079,28,29,1.2,4a7c60ec01d2924bf04b52f0a5094979ddf6334d40dfd369d2bd5cabb3b8a4bb
271,1079,30,47,1.1,043894a5de77481b249a87101ec032987446d4ac3d07db29b323da90deda6519
272,1092,0,2,1.1,220acd558842ac99ec871645c6389fab4b1299bd0dc2c83513d525bb2d1177a0
273,1092,3,4,1.2,3e6d9a5f7f5b63f5cd513c1f58c3af25db14d437639031dd5aee85994538f121
274,1092,5,7,1.2,ba6ad1de21bac1412b829e69f4211b70ac8ce85ba47974b47c00c04b37cb9675
275,1100,0,7,1.1,177d6875166f12c8ae910031d251cac5ba2b45690b046574a6bfceec820fa801
276,1100,8,9,1.1,9c5f6adafb37fe48d89f1407dea02cf71f16f92b6fc105bb85bc6a33c8df1b53
277,1100,10,11,1.2,9551157c4da48e70411c8c6eaae1673375cec620511992bcedd219c4121dadea
278,1100,12,26,1.2,1cd332b447a3c62e933a93a03b627fbe6d708825d647b1266256f2fffe57453a
279,1124,0,10,1.1,eaa8e0f3b346f3d171068b5cfdf09ba663195e665470dcd8ca034e0afce5f66c
280,1124,11,28,1.3,233bcda22ea1afe7ef2083a2efefb407dd49dc7d1752e6c6422f9aa863475c2e
281,1124,29,30,1.3,cc2dd8cca18a7dd6af712db7555d944663a59e6666626f573f7bdae08a0d3e91
282,1132,0,1,1.1,a14212ee1c1eb8d81b94acc6569a7576d78b88b081e6b01517eb327c2df0130f
283,1132,2,3,1.1,44df44b3e891c1fc0e08e186f00c86c0d9bae87e0cb1a7b38a7ee4e29e7418d6
284,1146,0,12,1.2,1632ac3679160831040eea19032b4572443e805ce80575331a380da487936c63
285,1146,13,14,1.1,b23bb3a96b9ff463caaed7c6c91f4eda97209c9456774b1b90b8bc82721aecbd
286,1150,0,17,1.2,8ebdca964c889e49f224a0ea8cab442833431d32ce410ac0f2aac3907202dd12
287,1150,18,19,1.2,00a8d036d36771ffb3e6c849a8920dc8875ed2579b2b6aea2fcd6fdf3a5dbedc
288,1150,20,34,1.2,b1e6d92f63087f6d62c05bb22bd68d9e8302f9cac06cfdd88038636835fc8145
289,1150,35,47,1.1,28f52747decec9977f5c1f043133a71aa89848794f8ee47a19dab9592c0e6219
290,1179,0,4,1.2,489f53462718b9f8ae4e2c718e80ed7fc6010b51ed82f153286279221022a515
291,1179,5,17,1.1,e060123614ba4be5085f58a68f85d7442042411307b1d9edd10b8d3e771e21b9
292,1179,18,19,1.1,8394855bbdab9ee0c1e99a6d2055c72380673c0db26452a3ac8bbe42624cc300
293,1179,20,21,1.1,5ab24982577535a08ebf9ec8d1790923c7ef620841585af27a1dc764ded1647a
294,1185,0,11,1.2,f621f6608f4ac38db47581b206874a1936f35b767e13e26cbda002a6b410f3a4
295,1185,12,14,1.1,42d8119eab09d2a1cb5ee999865335e85f04518635443cbdfa79b688c5c0c6ce
296,1185,15,16,1.1,89aabac5b30014c2ecabb272619014e39b6af37bc24a9b116fa12f2fb065e4c1
297,1196,0,3,1.2,0a21f0142cf76cdf2230d95d117c9f3c1e08bd05a3fc848e0fc75ae9bcc5c8c0
298,1196,4,5,1.2,3162a77941c23af310824d9e56f54c7d549688af45adb3e417154c1b6c19c93f
299,1196,6,20,1.2,30f093b55454ef87110e9b380a6bf5d5f3e24468d8868a7468b39748fb7db918
300,1,0,9,2.2,bd16733784e6d6c4e90301361c765902c5b7a1ee0037222322920d670fe5d6ee
301,13,0,15,2.1,6782a83e7bdf01e807b25dcc3ed6a44bd5fb59a973d92c701dd3068044a440b8
302,14,0,5,2.1,56301ac6c1257b0825bc140360191136cedb3ee28d77c5ede5e2061fa47946b7
303,14,6,6,2.1,4bc98486ade8ae486b0bfbb9987ebaa5a845cde64b1a3a6fcb5846290d392b08
304,14,7,8,2.3,5c04c2f1df6bf28af1da7bc75b28e5664c6b3b1d4fa555f9ed20f93c0aac6d1d
305,14,9,9,2.1,e6e3dcb96643c154c83cd708353cb576055387fd6ed16fb88adc8cae4ecd52ab
306,14,10,12,2.3,7d5526e21085351abdc7ed9fca89a3de9e946fea709491ce8ac97c896e42c617
307,14,13,16,2.3,3f93458bf29b286ca0ad4a86929943d61998ab9b54311cabf65fa9a0fbec4ba7
308,14,17,17,2.2,d6ad33b84b665f5bcf84dea3ce7a5b38070dd657a6653c43b6f5f41bf15f55b3
309,39,0,27,2.4,556eda111aea0e527583e85ae23a50dec1349ae06305cbbaeb829fecafa38f63
310,88,0,6,2.4,e33442adf0b7464ccd707235bc01122725c4f74e7897947f7cd8383e56ce3158
311,88,7,11,2.2,cee8de3dd310a62d9b7e46207de0b2b252e4d1d1a987b92bfcae25146807ad37
312,93,0,4,2.3,13776c3970d0a9aceafa990007230a35669e5b5dbfed1a0bd8bb39fb744c5fb6
313,93,5,7,2.3,96140546e22f8b0a2157f8db7655439a5a37d844a9586875fc6bc3d72b621128
314,93,8,13,2.1,50bbb4278979a115af0996b9bb518d8ed1a9e132b02b76c11fd09e5aa3334172
315,93,14,15,2.3,dde1824dc920c5646316b1a999eb612ff57c4fe02ff3d86741a7c27f60aa14db
316,93,16,16,2.2,028a0e098af46a3db8652fa83210f1b1404bc65523673b863cf7e807d5889117
317,93,17,17,2.2,8444d460f999fd045605182ef6aaadd42eddf066fcf797b5e63d1789b0e82a80
318,96,0,13,2.1,337cd240b1f13e809bd71f498858cf1c574fc0e39d85f3754320a8c2c1677cf9
319,96,14,17,2.3,48b752887e26c52ca857554a4e2b56fa7041b49e98080deedca0d118bd6c695d
320,103,0,16,2.3,db7c2231ba89bf14c580414638a9ee32418c29ff6ce1760eea88dfed917d3a26
321,103,17,18,2.2,24d80c54054ea42d9835a62ddac53c0d086fadb01bd49110119c3b10171b3795
322,103,19,19,2.2,4b2e75d4c1161535099a897ef64e5759a0217faa968f22fcd8067740685999ea
323,118,0,1,2.1,2ecb07ff8cea75f5af4f3cc38af1dfa77fab4f5045fc3d37a38d6f8857f7d99c
324,118,2,5,2.1,568a23b3abdccf2118ef3a31c98ac7f26d89917b1121e8a37370a335ee745fb5
325,118,6,7,2.3,33c86c41ed4044ce6a67e4e9412d96520522919f3f498d3e276804eeba558fff
326,118,8,16,2.3,3dd56f10861e0738dcd46650c330a897ee79e5a5c13b02bb62b9673e4f0a27d2
327,118,8,31,2.4,bf28fc5b38092fac2c6f6eb9dfeccd7b33afbf83564bf546081e3badcda58978
328,118,32,36,2.1,31084d95d461363136ccd36e0848d703f173c9cef27c46c984b8cb96d2bcd8c6
329,118,37,38,2.3,ede5dd1236fee0213015d6ed9cd5357e7e0e6b19b5575c3bfbbf58d4b6654a19
330,120,0,6,2.3,264c623b5f232168a64d68b1095ee7fd267bf1b9e0fb3d41a27d060fd7a0d394
331,120,7,10,2.3,221eada08ceb4337a55505e0e12455485847f298101285b39a9dd4e9274cda9b
332,146,0,17,2.3,db71e6e5165b5c868d1ba4ebdbb580fe089f50134564aef79cc14acec78f5a90
333,176,0,6,2.4,f53e795c5cca7044481de9c0b6a5a0b7899ef505b297d2fc041ae9d7ad35c2d1
334,176,7,25,2.1,459da388cb7ccb3be1185d816d31e6df3e1c0889b84755a80a68055fa02611a3
335,179,0,7,2.3,9565fe430a1d6b0e63a4a4dc1f1b197f218bf3ab9808d0338bab6eb9f06c4657
336,192,0,15,2.4,53ff2808702fbd4ee641cf50a04a21368e087f2870fb341fbeac3848e41b0713
337,199,0,12,2.3,9848ac8831f90564587ec5c5ffd09900b96e4163737c481f339023071ed0aca3
338,199,0,14,2.4,1c064bbed1e7dc93903c83f018083b73978bc367ff473a5dd83fc2d9d2668f7a
339,199,0,15,2.4,c8cf51e4668a11caa5539ebb431126850e6eeccac2968bf5a82b0280e47e74ed
340,199,16,21,2.2,c0a8c132fc12833ba1f37a7a340727e81ccf1f14b4b1b884f1e0c8a193ddbd2a
341,199,22,22,2.2,a8605f03cac496840a26cef65451a27157475509d49ce062f82af36d052717cf
342,225,0,1,2.1,a4ebbe47b1dcc7a5c90b853b9f69a29e3039540fec71c4820b0cbf582096c779
343,225,2,4,2.2,c6b28e18943ddd81f11d2265635b8fa8f1e62ee12749aa7210923a61dbb601ad
344,230,0,1,2.1,7834c7e0bf44e2d7f7a92b160322f04edaae61c46d2f366080f6fdc41cac29f7
345,230,2,2,2.1,63948b3cc73e859aa3de8639a3ef0e1df7be09da8b120d1ec3525d7adce62c71
346,230,3,8,2.3,2d7ae3171f6afa36628c6a4ac40ab1acbd1f2de93766880b28810130bf633f23
347,230,9,11,2.3,0c3e8f98013cf0ff41fc27d671029b740aa21e98c331fb0b9bee4bcc68f1a540
348,231,0,4,2.1,dbe25a5a1dad89c2f84a7f9fbb470c20450baa4c243355c2559d8d8aeb7ed3ea
349,231,5,7,2.3,facad35742ea5546b98da508583a2b1daf6f6f3e279d9196c2379d33e6bfa15d
350,231,5,32,2.4,ed4fce34b8e84034572804fe5a9fae60b0d4a283f073a4956cc13add3d82c9df
351,260,0,6,2.4,2618c94b3bec6225e2556d6af299b5b3925de650ba2898f1bb5ec2063f0ec0d8
352,260,0,7,2.4,6c80a6bd411c32a00270e23daaa2a560f641e6f95ab89e15cc6d0a8c60ca8d3c
353,260,0,10,2.4,9b5ddfc692d7f2ae7b2be15fa3cec3b221d8dd8da30a224545bf6b9e82eae386
354,260,0,23,2.4,e03e970d870da6c9d2cd02fa0006eded51f91e3372cd5e00de69318521831ab5
355,260,0,24,2.4,22481228c3e89dd4099d5ea1721e37f05c777088b0c105a60aaa87cd9e4d451e
356,260,0,30,2.4,2b0b505ea29bed3a84932f6d9ada9796b3f163405db54addc9953e63d606a56d
357,260,31,38,2.1,42aa80e8f03a8010e381ec5505186f2f28721602ef710233ebfb5b35474cbe4c
358,260,39,41,2.3,f25c022f4cae8a6263a44fb10d286138ad90fdfe0cdb0ffce156a59f6c2227cd
359,260,42,81,2.2,1b2934f432ef4d0daeb052df16de44547f7385041a0be34ed6bca4a018a79e45
360,260,82,82,2.2,e8aa966f70fc0ef44c971b3d84ee2cdb2f55ef73aecbc8a568dbd89eff8bff40
361,330,0,23,2.4,57ab8f8f82ccd9ab5af31511adfd023be84ce9bb2eb299f53aea72ca9f823ab0
362,330,24,40,2.2,9bcbc9443b44cecdbdd44b3e0b3aeaf4dab6efe8048d61bed0431d62d0c89e24
363,330,41,41,2.2,48293d134cddb81b4d9498960ce40c4c0fe590e554181c65a6c0ffea51d8095e
364,330,42,42,2.2,b37440bbe840498c2aae02cd585fc9968496ba7da8ce7fb6fb828d4d6ef1508d
365,333,0,23,2.1,3a761c33b327a6500bd835fe34bdf487ee565650343d90e9f8d7f9171448844e
366,333,24,32,2.1,5b68c4512a809b60debfe1a55bf4a6f4e144088328edc7101c835f937a066d4b
367,333,33,35,2.3,f5a9a0811443d81c9e374657937d8c3c0fb2e30d64e93225e63ab6939df5c2f4
368,333,33,41,2.4,5c3c001793701f5e41516b3ade8329fac7f5d99dfaec2da7cde45c16ae2786c2
369,333,33,48,2.4,de0dda7a35b9392012cda5951d66404bb34e8edd37a74a1388127313b4bcfc18
370,333,33,53,2.4,22026b2a040eaabacc18f3fe422f43c55bf4ed951c89b1b739d1c15efbaa110b
371,333,33,59,2.4,05567dce97d385ec16b44b044248a7456c6a8f0d8f5011c7f69a96b0af86ee85
372,333,60,62,2.2,506ac8ed733c26ad4dee709b70e5dc5649df1007fe5ba4586e8508afe0c71737
373,337,0,6,2.4,ba45426a97e4189271d630c7e17ed6f9afcadab0c8a5c85bb442a6346b427772
374,340,0,3,2.4,01ee8353bbac78c0ded35b6cd3d53d008e8c9dffc4547cf1b46328a8840910dd
375,340,0,5,2.4,08467a6948e8a97e82220e165df717388463febf57c164322d88e621cdf91a66
376,340,6,14,2.3,c3e1e59f53f8526fdde473a9a75a9f3376f3ee8e84e54e2300e3e63355bcf17f
377,340,15,15,2.1,1adfd445657a591a41c8ac3355234611d94759de4b22e31a6a07f6b90beb7de6
378,340,16,16,2.1,b0c971939f7159140f5cb03f261055d50ce5bedd5600d405a0a6103957bccc07
379,340,17,19,2.3,33a346eb020d3f23328f340756e4385f385b4447f8d44b2732b9c0629c4efe8e
380,340,17,21,2.4,d5db6c3bcfd0201d76ed8015f9a98c53290c4538f044718deb4e24e9dbf0e5f4
381,340,17,47,2.4,b1c244c4fb832c1d1035ad6f2331d8b6e0c77b24cd86dc2fa2e8d87c12f9630a
382,340,17,48,2.4,6c91578d9aafd71e47f34e75e0495db2e7eee4f8ac60d75f9280ca88a49778ab
383,340,17,49,2.4,778d73fce94ca87b7e9ef1561f65287ef9e1a104b71927b1baca93829df49f7c
384,340,17,66,2.4,34a3aa80047a3fb98965c75642209acdb746449e44ce6acab41c65c7f67cd840
385,340,17,67,2.4,daaedcfe718ebff7dee47255e7d3769b8c0441beefcb507c43c2b2156577be0c
386,340,17,68,2.4,15d3c2eb83293576d4bf8d95c7e96e6ab465eb38c3fa9bc60d5e5b02442d6e66
387,340,17,69,2.4,c5b0dae803af60453daabedbab5d0c0ac8f7ddb5ba7ef1b8bdea57b992e8b358
388,340,70,97,2.2,f3e70f98f2f296e0a58d20451fe90c75835689128f5f46076cf9d9266137824f
389,340,98,98,2.2,a0417b243b1c8d18f09726ae431c878e7f709aa9f93e5ce19ce7a5acd5ff22f4
390,341,0,28,2.2,4cc71d4c787abed1e022e367dc752c579f4703e62a004fa46e038e30c1de1632
391,345,0,6,2.4,eea56da6d6e3cc6c9c7e99790dbb1fedc6177574b74415b2bd0b80b967dbf802
392,345,0,13,2.4,fefc7082fbfe5e59a3225a1003f151f30f53d43b1d19184acaa7d7b36c4007f1
393,345,14,42,2.2,f4631bb85fea1b12e370d0d3402a2843a386c984cd29d733f9a3b9bde11f09a1
394,345,43,43,2.2,3374e031f8f3a2add41b53618246b2e3e62fc756096758e77d1de8ca80d95193
395,418,0,4,2.4,06d58bbdfdc4a128061b7019f9db79300b7ba439f98a0bdb79c1b6a768044270
396,418,0,5,2.4,678ecfbca45588ec445af7294abcc0739a74a1f8fa3c64e4e43af914c1104398
397,418,0,8,2.4,d48678f48b1d01c32ab0fe4d0465cb83bad5e89f703416eb3719b65aad6afcb3
398,418,0,13,2.4,47a547916cb90d778a77ca8fc93eba44d7d5290f1e926ea397e4846eaf85e7a6
399,418,14,19,2.1,b275253283f0ec63e9d7601da523914d6902d965a18ba0a7e4c269f2a492f663
400,418,20,20,2.1,36b0b67bf1a2815bf2791657a4454a93763b3cfcb181024ae0b8a0bb385078d7
401,418,21,22,2.3,10d923bf2fcd8627236b140e625a9bbd2034a62ae23b08d3962152018e41e6ae
402,418,23,24,2.3,95335052d1ec75b0bf1c763b3820b637a4ba9d170126e2201385b5b60baecfc3
403,418,25,34,2.2,b17d05465a07bd800ee1c74fba1e7be99648647b62766bf91b63ab5af3459699
404,418,35,35,2.2,7b33bb0cb6a26808e72c9777f507dc88d44b92b72fbd361c97bb29a93dfcc302
405,418,36,36,2.2,fe2affaaf5404e680c1abfb2774f00b5ed7bb7d912a8c3bebdd26913df426ad4
406,447,0,41,2.4,686fb6b7258b567c009b9701a89a5bab1638237329b1ba7f4f6548b9c009295b
407,447,0,67,2.4,d5e333af4be5f0dcdd9ceccb3268d7ddfbea82d8bd878b605f6ef9cab6528f3a
408,447,68,69,2.2,19238a55ff6a3285933fdea70fe7f7f75e1a41ab8d01d8f9946dc9e607221a66
409,450,0,6,2.2,61a446946aa6dbfd669bcd79d05cf84a430d26e3eb15d73749a1446c41f04d61
410,450,7,7,2.2,350d7d8bf848fcb44794e8bf73ce24345d52407c177ae9bbca523f3553183e31
411,450,8,8,2.2,7a90461c14e719babd2edf9f0f6d0ef39354493a1d3f6ff3a264b4dd0bb873d4
412,450,9,9,2.2,6dec2b14315715d879f223826f2b1e768c4d26e2ad434f436b51535f5a68d23a
413,450,10,10,2.2,7c9b7dbc705471cb5d4acc95b35f18350a2ad8b00dfef0760623c2942ac10326
414,450,11,11,2.2,e346502f6bf28215f3241e3b63b0be0f36da80696e967acf36be2e455c05e5de
415,464,0,4,2.1,68b7a2d28ac3e28c95680d3225963b6337bbb586343900c0de603b29c365951b
416,464,5,5,2.1,545aea5610bea5bfaa13ea30665cfad48a830110f65d8e11fdfc33298e470ef8
417,464,6,6,2.1,e18f64032ef6df58ee40cddbb57a4af60f5dc4808711fde9441d2016d4ac9bb0
418,464,7,11,2.3,f667a97d2fce655a3983478b5b58ab5b9fd3bbd3ab7647b3f6dacd593c8b10c3
419,464,7,19,2.4,663fa869221b653fa30ad202e4df509f1c870684aa07ea5e1a17239323d8f764
420,464,7,21,2.4,2f61886a171e93c5a84850109119ebcfe641a399c580d1d1536dff1bc37c475c
421,464,22,24,2.1,86b23a9fdae4e7588b072d32ac240e24d8433231585f4c82ef91583003f6f4b8
422,464,25,25,2.1,69cbb135d279e9215e34b568613ad9d5075bb04707246fc2e17460e8e09ea628
423,464,26,27,2.3,a7476bb2952ca0081c5239a4983b8d3d680d4bc22efd7b71f995dc019d3a69a0
424,464,26,39,2.4,a470d54048532a2271cae26214d3ee0eab30a6434f02f6693601d4b48ec5766d
425,475,0,3,2.1,10b769d1e3946657fd13b125570f29557f54514eedcf21f8280e5698ee770827
426,475,4,13,2.1,c349347d58c0390212d20b9cb06238725500434aad94c7e043056c297a1bbec8
427,475,14,14,2.1,8e3c4e368a9dc18e1a81b29cbc543233a4ae8ab2c2cafda09a446c0584930a09
428,475,15,15,2.1,597c138af13d72754a2bfa888feabe5ce074acea6b61c2607377a730af83a887
429,475,16,16,2.1,09bc0e161766876d487ca50313fef0506b3d38a485e76a1340c9e08d1ec612b3
430,475,17,18,2.3,8348fd478121ca7a788180ef18381080761cf6418d9472a8b7074c2f60dde0c4
431,475,17,24,2.4,12c7b48a31db46415e521aa7b619fe00756d78a10b75ba443903d9ab33d922b3
432,475,17,30,2.4,bc394aa44e09608526c5d5901349da596383daa9883ebd561e341bd8556f0f8e
433,475,31,38,2.1,eb710e613b0198545cbf92a9acbf08e4df24d14c3c68aa4472fe60d7b89a39cd
434,475,39,39,2.1,f0b6ebe752b266cea11be57358a6ca33568397554c1e0f14877a57eedd82b3c9
435,475,40,41,2.3,f7f414d8df565f30028eeda85af10f0f3d5d21846b082564df6abad9bd61d363
436,475,42,45,2.1,f47e33239924ad3ce3e5f403f5bf3be2f5ff1b45d9c041f5fdeaaba98f055b80
437,475,46,48,2.3,8558529979c7936a7112872ee259c4d9ab2bf40c8333e53ad787d851b7f1f2d5
438,475,49,50,2.3,c2d8ca869649c038234ec232dfdab16ba8945d5d3aa2e1744b17dae4f59c64fe
439,517,0,7,2.2,16465edbfa3f255c986992b305e3f396b1312e82795d61d61421afcdba509c6e
440,517,8,8,2.2,9517f6214e29b13a16fa109d9a7496175394566e45a3b79d8c908cb74d21a4d7
441,517,9,9,2.2,27d852e2a902fae17a5411e5b10d112fb7354636fa58a8e7e7056353627a9398
442,517,10,10,2.2,0ae65a428d47fc96b5eee62fd6db2776a6b641b47b27b91f1dd541992d45dd39
443,530,0,18,2.1,1a038035a916d143d47f1970d0d6464970af659a71288eb8d2c8c05e76cdc0e0
444,530,19,19,2.1,fec39eabb33629a51f2cbf093363ad10bbd84922d3bcb9a17e5741c49d517794
445,530,20,21,2.3,dbbf11ef12f89120862383fa6d6afc31637fa8df2acfc25c8c3109fe66250e5f
446,530,20,27,2.4,4aa32c9dffa64af0752fa22da97d210b57e4ffd5b6cd842bd6eacca7b025e5c6
447,530,20,28,2.4,55c2962ba4a042b2981f66c8792f22e698136b7381bf6a9a42edc724cb00207a
448,530,20,29,2.4,39b1831a9d032e0599ccc237b3ad78f71415ffa2ef112bddbcc73f149f2185d3
449,530,20,30,2.4,6bbec9829a78d0092f883e9c3f7d4d85747d871a976231042c5e2e9b3b8fa6b4
450,530,31,52,2.2,475de4078872e22b69986f73bd4e6ffcda19803ab2ad7b0842c998b662d580cd
451,530,53,54,2.2,6eb7ec18ba41be939e1858a591b1672f66863feeb477caf236dd68547b2352c5
452,530,55,55,2.2,105a6546e23fa9396d160328925c80d5dd4d0d754f6b6c43101fed592853ddef
453,530,56,56,2.2,af5eb594cff41f038cdec208bcbce308d067797a9e19db15d27a3dedf598fa2c
454,556,0,0,2.1,fa9f24687a33478afeb16aaf1aa7a87a111750fce866ddb96262ac2d94984a24
455,556,0,15,2.4,632d630b7b74fe8dc9323ff8db8a382de5a1b61bd513e91c1d8a3c0cc9e4fa6f
456,556,0,26,2.4,8739e4194d4ea3b2f48e8c05d221d49be42ac3fd262b31f77e0698e93f57216c
457,556,0,27,2.4,d61b027fc4eb99f5598047382fdd8cf4fb56a3a8cdec40d46fd323818deaf0cf
458,556,0,31,2.4,940c6193103af4b0280562b40e33d9da81b2f6f1134e61101cce306ac1630903
459,556,0,32,2.4,8ee2f48a3aa0bce5d671a476e57d422e7a37669ef8390f905ec05c3be60e174b
460,556,33,53,2.3,469005a7e7c25be113491bb4db698ceb81f82d2533b9011d110009d48024e050
461,611,0,2,2.3,cb3082aceebb5bf866a5d2fbe5c92beb812e374497bd6f811da8e273c026fcc9
462,611,3,5,2.1,820f86edfe87498be814b23850ff17214e5767c9b0ff98577107b3eff0572fa4
463,611,6,7,2.3,556492a4fdb6e253283efb6419d7b3639e1bec4e6b595a338776cd5493453261
464,611,8,8,2.1,c6fb2527fd8b9f0540d13121b1742ce81165b7a7e06eeb41af8e8e74481ce162
465,611,9,10,2.1,0aad9dc26df54baefb2d942f52ff1511ed1227d8d67d82125eb8b7039693b171
466,611,11,12,2.3,5a2a9d44affb55376351bfbb89e3f713570b180e23f4e9b96e5215026707bc5f
467,611,13,31,2.3,ad0925550b299169a5d27626c04cc4ddcc26e9852e682c2292d81dbed8f2ced3
468,611,32,60,2.1,eb8e4aaa32821f97b16ed6003d8918767a2a33cbf6a1ff0ad2f2e1b2cac40afa
469,611,61,61,2.1,f058c847ff1ab7eec4614afdedbb2fe4350e00c347e7706f82600a3ccb3fb23b
470,611,62,62,2.1,f92cec5ebc3ccdb937c9ec66c8718f3bb2922369b2759e937990771ab826c9e4
471,611,63,63,2.1,74cc0a2e79eed368be31c6ac1fa795889f2da39620dbbd1bea569b33eda25e58
472,611,64,64,2.1,84ac4632f144087fe862c7d9d6fac7c88411290a6e09507ed1e347ea90dc3971
473,611,65,67,2.3,65350193ed53d9c63f2e54042fde3aa4bc90d09ddc42429955a24a5db4031fff
474,619,0,18,2.4,c989bee96d1073e56583cfd556a6130d0230bdb7b1511c9c337e5e7834576725
475,712,0,23,2.2,75560418d2d190da772343a80f319ce3894888fa288d6cd2248e1e24276eac76
476,712,24,24,2.2,436a28e48e952076d830255d9f915051a45233ac52079f0ae935c7ee1052012b
477,712,25,26,2.2,a420cbcaf22b7bab5217c0ddbf4f807c94f2948cb0dc14b0a9a176b82324d23a
478,747,0,5,2.4,545da3610974d866db69c6e9259d9cdc7ac43a3e8dc48c0ef3cc67259eb1d5be
479,747,0,7,2.4,7d018233c6a0c83a5c6533cadf9cdf6d44a91c9cebb865c3ffd40b85923a4827
480,747,8,18,2.2,3a38643fa1d2d71fc56fcd0c0005f3f728b68a730b72720221e63a4890cf2d15
481,747,19,19,2.2,db36c9bd5e7ea577a2a7ac915dc33791c8b2fef0bb917a7e729ff5c31d931d29
482,747,20,20,2.2,168e763cda8af1bbd4ba3fdc000ed3cd756c03acc55feb8d0c4497201ae6b436
483,760,0,28,2.4,42fad1c72bdd46157c6b295b750c625465d7326e18d131e0a4eb963ff87c40ad
484,760,0,35,2.4,99d060c50873c0c206607a641d4e1ff468b957ae0ad31a1293767fe0d23c0564
485,760,36,47,2.2,fbeea54a4cb40e58a12f51a0f17d6690ae18970ff24782d08f846621e92939ee
486,760,48,49,2.2,1a89cfed8ce6a549f7f592d633e669f98f01c3078bc52ce442c73cc93ba3a2be
487,769,0,3,2.1,bbcd309f931db238893684aa196ca218f857b3cd71268eb07ee7a8e40cdaac6d
488,769,4,6,2.3,89e49c15387a218d4f828a75993dea903364fd90ee0c26e7fd8ee8ac5a088b6d
489,769,4,7,2.4,dc0e0576158df789e48882a16c7b9465f72ece641b0f403c8cb1f8f4a83b34de
490,769,8,17,2.2,e2d8bba32ee6a90e66a0e9d71c56378981c22aa1ae02dbeecf6be18fd40f82ee
491,804,0,6,2.4,ffb669f9688558b65ec634f2ce1d8ecd6eff59490d3b7228e37d22dbc06476b8
492,804,7,23,2.3,73a45512833fa95e4766aeec6891649778ba314a081b7404e6bca4bc55e39126
493,804,24,29,2.2,efc83404bd6f1217c8784509c5a6934e7cd6743525e372a7239685c055026b26
494,804,30,30,2.2,662faa11100664633af759b5158fe1759ca565c604a6bdc6c9edfda44c43416d
495,833,0,10,2.4,17fa1ea5306ca10aeefe7134fe0a50310b0499291521be5da298dad6d2b83734
496,833,0,11,2.4,aec239022734c0420b36449d55348f4ebfd32b6f652d0d7ca36796b5c2c9b3cd
497,833,0,15,2.4,6031e752d7d85132c189969440481ac7a2f52fec04edecb9520987d6af674609
498,833,16,18,2.1,a2f39fe89cf0227a1c3ba4bfa002a17744704b10597449f7d54b47c91b029ae3
499,833,19,19,2.1,3d7bbbc3d6277bf9f544581c09b66206f6a9c475069fd8a7929747883b9bb395
500,833,20,21,2.3,da278c7e06066c04a5b6c0bc6cb6e14a29675b2dd1a9e0ba9b50b3a585b7b53a
501,833,22,24,2.1,f5a01c634ac863d9d72e608812580fe5f0c4106392d05831e901753d38efdafe
502,833,25,26,2.3,81c061e5c28bd7d96507df99fc2c7e642c0b9aac3b8effce935da8923df2e260
503,833,25,31,2.4,d1b682cbd5cbf9b40fe125877cb9ea2f8275cfefd25e04a23d48ebee384d93fa
504,848,0,8,2.3,a0932e84d4fc9db2510e2eac9c55a50d2a89abd66254a1459bc033e489466789
505,848,9,9,2.1,a9e3bcae65ff9b932fd44c9d12bd572f732994aa6189ea581ada70c59ac3a683
506,848,10,12,2.3,596534d93a135fb741d9e58d0434c0faf460e1ec23cb4c01fd6fd9df2b34606c
507,848,13,20,2.2,977ccaf1aaf74afe86a881cd6d982b550d174b305291c624e6c28365335e27ac
508,883,0,6,2.1,3c37907c2fe694be315dde4815baef801e26b48ce6ca58e55fdd0852648691cf
509,883,7,13,2.1,68c9fe7c72913cad0d5155c24c759377192f6b31974c7d7a6b8413220f4217bb
510,883,14,14,2.1,eff8ed01629c817bbaa52a7e7a4fe05255117dfa7dc92af3170ceddf94285289
511,883,15,16,2.3,4387f82345de2ba940ce485c6a60541c9dcf950f5dd1e456bd709ed427a79fe9
512,901,0,1,2.4,db96bc89a4e6cff67f8ce3f3c6572e0583bcaccd6b77e9f8e494f31600fe0143
513,901,2,10,2.1,ddc81e550adfc30248d0409d673eef03b34bdfcff23f0d13ac7fe325bbcf631c
514,901,11,11,2.1,50444673227ea1f2461c4002a11983503f4f10d3094e722ab3ef7c100cb49bb2
515,901,12,13,2.3,cf45f9b065371c606298a5da1780afd89593cc19e128e9a27890ec28cdb8010f
516,901,14,15,2.1,289bd337772cb3af342e7b2339b0db5f2a03b553c1a4c7f56e561afcc31ac05f
517,901,16,17,2.3,05e9b7df8699996bee618dab47ca1acebf165cf5e05bb25057ee9b397e2e573d
518,901,16,20,2.4,de8eda1ff42a111069916f2a0479844bdd77891ab6b8438ab2fbccae08518360
519,901,21,28,2.3,0ed063b3e70cb8d1cd91b58fe14e48882760af8d4b0d99b35cc66ba0dce03885
520,901,29,37,2.1,a5ec69707c09c79f2c7bafb1b1eb71c48296ccbeaa36b1de3ede04fa40b9135b
521,901,38,39,2.3,7f9cad55c21047a6b25bf5e1e01f2028487c9efde8506a22cc057375dbd76448
522,901,40,50,2.2,70e559b292050dd8fc65db0a29ef347d600837e679d8e1c7aab0c91a78302f5a
523,901,51,51,2.2,5a1a5360a6c558935e44b88fb2b1fe7aff8bbc31e39c67df7e9fa2a02f8f6c57
524,901,52,52,2.2,4077305b73d666b8b345daecb1fef3b8d3b9a9e7d8aff78bda2d1cb777d3ac33
525,914,0,12,2.3,b4ae07788b1d7bb2feee1758382910baf5964dff313b7cacb17aedbbf1dea535
526,914,13,14,2.3,f5b045f1f93d3f382c58a295a440b4f2ddcefc3d084d83863c44acfd27dc7415
527,914,15,16,2.3,cea2cbf16cf6f1eacafb08d686cfd0e3e0abd9c1f6865cb1154d69babe2c1f0d
528,914,17,40,2.2,e8ef2afae2f8312ba6d7f13cb9dead52a5dd779e8151c162a967370f51c74a5f
529,914,41,41,2.2,d00adf168d041395fb8f946bd20ec4d77e6e24aa155305515dd274040d6b8f19
530,921,0,20,2.2,9b0452fe4e461deb71e7d889b9361be0822d580b1863277a9ed2461fcb87a610
531,921,21,22,2.2,dcf80fcdbef47c4363b01c07c050e8e4b91e3c9f4ea5293111735c4551674982
532,943,0,9,2.2,21a52c0fbb442b9b12d9acdbbbee26309844c4fabd652378be1f1589bf05eba9
533,943,10,10,2.2,5f90b996b54ce63d9d7f9ec5c9895a5fcca170db251e2f2df96f7ebde2c1dc66
534,953,0,25,2.4,1b1a944a065ab49b257f4039c9f01bca166cb16c20858c190fbd3b074b2643e5
535,954,0,2,2.4,098aaf1079599bd8919766ab34ccd62d7b31cbc08402b9cc0c0221f8deaee66a
536,954,0,20,2.4,21dcb1140fc794aa6ad0b5f4a584c140daff2f3005eef27b8e8605f2ff88a9b1
537,954,21,31,2.2,1212399186082412393c411c1156a7a3828c320b4de36641d053829024f53148
538,954,32,32,2.2,90e6782c5e7077ec1b28632dd2096fd8e93e963359b92f86685ff9dad5c26760
539,972,0,20,2.1,48043345d0de6236e30c0f6b284f675d47642adf756376c641f14fc0a21fc9a3
540,972,21,22,2.1,fe5b44d6f1ffcceee593de115a8f2b3dd9c6ecdd068ae3982a036ea1e6aef1f4
541,972,23,24,2.3,d5b9b92291a091ff0b539d35f98faf359cd6252bee43f3cb9fd79a38f1b95a86
542,972,25,26,2.3,080c90c8d4317e80d91f8064fa8a0e9b228a64509bcc974789f607df9a6d9595
543,972,27,28,2.3,c762b2b8fd6e2a013be260b0a80d65b0747209bf07ab60c98d54ece4e835fdf8
544,972,29,43,2.2,880342b7626873193a367e5585fab3188bdaf7b40187cb671c7346552089cc6c
545,982,0,10,2.1,9547249fc2f4e2838bfd5c95596a2fa5ca19248a8e66c32f3b088b8778b5d51f
546,982,11,11,2.1,e79d5b6b5d11614697fdced5ea14b76d40eba9b8e01b7c3b1cb8b51463898440
547,1001,0,7,2.4,6d74e9d6a0de23097a1ce6f97b8bf6c774968de3a8967f1fc339bf17fec4c930
548,1001,8,8,2.1,f8daef66e1863dd68180d9c9d911720847a15ebff7dc809c7b5c34fb50ffefaa
549,1001,9,11,2.3,98c0afe3712d3ebecb7ea3ef7eb823854ac19dc611816d61513c430227939559
550,1025,0,1,2.1,816104d9562431b89eb6a44ec654fc4873f7a42d56967d40ad30d433acc809c1
551,1025,2,3,2.1,441fefc6069e65e1dade8a46be5bc08ee51740a705af8722a9a45312e5cf76eb
552,1025,4,5,2.3,32fca2d9c878cf01e16988e20ec8ac0b7886426008ac0157d9f193ac4c90b062
553,1025,6,7,2.3,225c858b5a5fbb7936b7326d3a2b29f60b876df7e7c249748e75a70126098afc
554,1025,8,9,2.3,4e2950f4741509713aaa5d824c8e9dc28d779120124d755d4b4e775854f7581e
555,1025,10,32,2.1,41d30317438e511ec0b01b8197d3e80f0a25badad97806b5a4b9f491b46d5038
556,1025,33,33,2.1,101f299df4b46fbf8c1546480bf65c7016efc70d43bc80d27f8418a99fed3751
557,1025,34,34,2.1,90b560846c58fd05c88b8231426164b9a8496885cd30e3ac8ebed6216091729a
558,1026,0,7,2.4,97d15571b09c3ea7140e1703d8a96cb1f4da948ab70f0e5a456c48298505116b
559,1026,8,9,2.3,d7663b123f9f6b20e4ff11c952a9e831487415863780d9128fd7dea5a97f03b0
560,1026,10,11,2.3,8058a13af818f784c0c72a14bfe30c89dc2f1d06ab174622fc7b427429bd0ac4
561,1026,12,25,2.1,18a5ee45d98449052701905ff3cad9af6505f1bbb3292604e1444daf578124b5
562,1026,26,26,2.1,60bb7402a43eb2f73160ff9a6aef808ad28626446bc6acc08a03bb224b4a50fe
563,1026,27,29,2.3,c74d860466b97250d63934547bd04ca0bc5908c1512acfc258e843e21ca90a2a
564,1026,30,51,2.2,b59fed79b5c55078d1bacd9e9b83774de1e033bcc7ba5548dfd3fa49bf6e3c49
565,1026,52,52,2.2,f722528d0def3b13ce9685db2a321523ef8c0dadb3e3fba1169d15743f9ee386
566,1026,53,53,2.2,eda2796ecc2552984bc7632806de8882fe4b0a543a430ff618d6270ab9c66cf2
567,1058,0,3,2.3,9c392ef5867ba21f30ce3ce215de139916162d2da2cbf3604038ab17c0d23343
568,1058,4,5,2.3,bb4e0253766727bb736a3fdf5df475762782418846dc828925aa2de2c6ee40cf
569,1062,0,6,2.1,3f2cb005d1798b8bc1e89eb4b3be95bee6a4430f02305a04465246a8f2b95126
570,1062,0,7,2.4,435fd7a9712a0bd0497a017981ea91fe2c5156606c8bc26be46b6bcd7601f0d2
571,1062,0,9,2.4,f8d5879ebaa72d150881c0c14fa690933b6d68c1cfbc175a220f375222316d61
572,1062,10,12,2.3,f56c02363aebbf8c0f5be5705b01f7736b43b22cfdce9c70f72a5adfc3384da3
573,1073,0,10,2.4,33e3a012803eb9bdee762f92d4372670325ee84f1a992ef8e23d9755df386fc4
574,1073,11,13,2.3,7b20e53d2e7ff6e83723e78fba9bc5e5378ad5bcb605951797668ec4e7121346
575,1073,14,15,2.3,ccf8387162be4f65b261a30b29e5e1770c11b12799ab84a1e83607abb19bfee3
576,1073,16,17,2.3,0d4958fb6f872bd2303d33eb958cbf4ed7665fbf68634e63a3514731c99835ce
577,1073,18,31,2.2,094d8af116cee5fe04950db7afad50b2d451d3ca2068d33bff57bcdc8f4a0bb5
578,1073,32,32,2.2,cf7d7dd5330552f377fcb0b625c668994a47e54e2167988b88e81fd0e65923a8
579,1073,33,33,2.2,6328ea9c4dda58311310e010fe25cd034ba98ca69f78f237c5a566e2a4c75a98
580,1083,0,1,2.1,c7c1797abfa30f6d15921698187d499afd4db29fc1e07329160817b6967e7d55
581,1083,2,2,2.1,2a0b4acee90174fbeb4bc6fcde3d2133ea7467971505f72fb6a0a0234f78acd2
582,1083,3,4,2.3,2dc9ba00f2a94d9a52471a1e3390c0f1bda6b92ba37e7476a682e8430ae46e2d
583,1127,0,6,2.1,51dd68c9d68e38afed7ee7b7fef3cd5c188d6ffeb129c93df13b21bcad54b6ae
584,1127,7,12,2.3,a94640fb516c475bb39177ede9527ca4e7f35129a48fdc10912f15abbc26413c
585,1127,13,28,2.1,262f35b3c38268a31867b408a71d2b5f91ac7899cbf6899d0aed6ce74917b355
586,1127,29,30,2.3,c15fcdc09c29175362e5c2eb2170a8d5e0f11e25a8da58ded1660e305dfa65b2
587,1127,31,72,2.2,48558dbf386eaec73474fc631dd4d304fe92629119a75a169d471ee9bd2c77f3
588,1127,73,73,2.2,48c02add5682c8765de22530cf0e202e032cd8da480f5c60b31550b48b6822ce
589,1127,74,74,2.2,39ed3ead9a51cd2fee1ee46b877556de11355112b3d3aac84caaf9d564532a8d
590,1135,0,12,2.4,014ecf053a056e15d27a4afccbed5ae636f07a2bff33722d6a3e658d19b4e47c
591,1135,0,13,2.4,2dd8e1c87f2a7f2613cced8c381e5b129af5bc2d789eb2d351e0d98eb6a8e41e
592,1135,14,19,2.3,55cae0fd1c6b5c0fa2efea399b24820aebe89b7ae872c47416f65b1bb9b1dea6
593,1170,0,8,2.2,208b35bb143ad7c62c6668d72173af97e6b95bef0fbd90a726ebae9736a8250b
594,1170,9,9,2.2,46819f40427959dcef1ec09449824b3dd2744baf407dd775d7310f2484df8eb8
595,1170,10,10,2.2,b0feac59c74143512be029047fd47a4c7e3aa2ac6f4661c9024e84718fbd7a27
596,1178,0,1,2.1,f6d1fa808e70515fe3c6305ec1a3e51fb98c0bd82619b49f1149e6f93c73ea1d
597,1178,2,3,2.3,6e4dfb6ff2851e20dea6af690494b4493aec20d20e8ff5448e406772d170598c
598,1178,4,5,2.3,a4d4065aa5fcc38fd5ff11608998ff02814d8e64e54a26468771153b5e291707
599,1178,6,7,2.3,8a6c959fa1e48230fc798190fb53892cefa88b1bdcc6a6b3f29506029d8ebf35
