source_row,source_index,record_sha256
0,3506,84ab2698b4ab838557aaae91127a1f1cb01606d01a11a69f99efa1492785b024
1,5261,5e4245aeb96c89b87742bba53062e9ce373259bfd8254aa720188b7613c5c6f4
2,5217,5e2110c7f17c8930f6e7b662e5561d647447ca3edeaa66137600406940e9b989
3,2060,6c06ff1719435291a5b1b030cb1bd1f9505728d036ae0bee2e7891d7fd71e8b9
4,38,65f7ff6b63ddb878e2ce452d2fd6e237725a5a40723819977e85e870a81bdca4
5,1494,9f56b6e1a7a6bc42a742fc16d954cdc8397da4b431bbd5a57eed129738b86bf9
6,4775,7500207de3e58b86e1c96baf8d3ee542db2dc1efd10a50e5067321c8504b140a
7,4060,a886e98b6718ba37ce0d75365d89fa6ff9341b1d135cf23480a5a0d00ec6619b
8,5765,178b6d55046be138a53a9f024ecdef5398790481d989b280345ab1ae4f1e0219
9,3888,5a30b9dfc96c0378e711aae616dbbc7f833a7024b280a7f00f6abc88daaa0fe3
10,4783,2e14f1c9fc38889f6eb85555f2fbd721d34ba491c9539c1ed604b8c3b1bb1bea
11,775,36e1b9ed7ca28a961d3a2dc7f3a83a1bafaa13e45d4b720d53b09fcdfd1f7e00
12,46,44d176f8bafb9f4a1def482eda9d43842cd3bdc3636db9c0dc4e29cd1a33ae28
13,4401,0364280338743aa8048f98922acd454be48b69b738203140b2958198807b2fa0
14,5858,3e0263021c6c605f42364c82cbb0d25b8a6c6534c4a0a9651fabe5b8a9d4d704
15,1350,0a9ab8096ed5bf747465a9cb6d26330fb7f70d47a1524e98673e053bc145ea80
16,4223,390597758c2bcbbe668b5a8953afb5ebb968fe286ba4d850335e7371dd60b7e8
17,5339,7bfd20b532d4e59b8732b78fc70223edee661e95c26671d7c89cde0b60bcded4
18,2731,abbc71420a5c6cd069f4272615800ecd2ed6b1890803f4c072c13085e8665923
19,58,5e18e6daddaa16bc43d119b9b5d2ec0a7a00c861bf6ef86f56b23963c3f33e34
20,2674,8afb3bb484639e33efaceeec07110422084f76c6c24d5838767c2ab4ccd18bb2
21,2478,8beed73d76c85dc132a6da9d3302d46852b1cedc03cce440d51d9db1bb462114
22,940,c68e204f1217fba872023533086cad88debe23452d81a994fb988285b290e2c8
23,3439,348837d5baddd0347aa8aa5392d54622c4726df5afc3ccffa8d2481ee8d7da67
24,4111,d1b17ee4924f8df520ea3dae20a06d5411c70d7df195631bd0dc106797b9f44b
25,2212,5721301ce990b0e7a2d804a2b09f971af3c243e77ece718b8d93e13012bec76f
26,3912,2fb2f829d89af688ca64ea8d6760c4ec38e7bdb1bbd8668fc52ae1721993dea8
27,1821,9a1633bea4f163d87893a9c1baeb0a600d18a850e4b6e084253bd87e578fa9f5
28,4248,02ed6a43d4ab696a1b3187086e8cfc5e51391bf77011006f6e5f59cfc6701cfc
29,1692,523a6caa80abdd01509a52d429c368cd26c766453257570ac0e2dbf93b2c1e59
30,2145,db953d4a3901471f1adec5b78067e2baa035f2a346a87bbac95bedfc7cb17dd7
31,2770,a671a10649198c12a2ec4c48462a79ef1a1153f1bd89135bcf4b13b37e5a13f3
32,2844,04203acd0d3f9bb9f6d1de6cde09ab297c41c6360cd20b992aad22af243e4fc7
33,3782,5c31fe71ad307c6318d32a8b9527aff3c78757dfdd813a4ae391b10a529d24eb
34,4559,9a9aa226154f026430d2c8afc3fc21f48e199503d7929a1d8d3fc57835e6f2c9
35,4810,1ffc01f82dd897ef951fd785969810bc2585ca2ea652d4a9b273920e04515831
36,2444,57cf69ce667602087ae7322b0568787ce340a8288af704da3f9f13a4303e7efd
37,4687,7341f29505df8c1950f8734c44afe8987418d43fcb9ed6ad10370861c0d0bd70
38,3009,d95680161f0ec2fa02e00ab51ce558d02e569e5ffd9d8089520c17629bc6e2e3
39,7,fad72baac6148c447ca3fcc42c5aeb47b9f3215439e11c6d2e6ac119563d1ec2
40,5769,cf31482102b8a44b43482c905d2be4e341e0c3a578c3b61cf2393e9b966254f8
41,3337,b0bb71cfbafefdcbeb6d56768276daaca7d6184bb2c8e9d55908075c18476edb
42,1729,6e5b50a123d608486b487d1aad3939b1638aa7b80c485c92033fa951128f8dd3
43,1590,20ca5140e272a15a641500b636a71ac5f0092ed353c29b0494d4e78adb0ada33
44,5661,2be81d189d28b607d82ab3d4724740668e724d49c83908abd42ad07162f3bf78
45,2503,b482da1aa10ebe4073e283ae9ace500de6e2b0aed763982e051c37a2eee08b03
46,3824,60b94df99285d55bebc8b2daa31414bb307aeb121f73c877ff69bfeba6d47df4
47,827,2202302c95be124444844b9e2de16a06688c5d7a365c3e262435683b3893d26d
48,4562,9418154867cc863d4b373e9f7bfe3022a5bdd2b92dec75f117c8b0e00449f016
49,978,59f163087c9d0ee7b131df11ad810c353776cb60cd47c5cdf3831a9635fbcdc9
50,1471,aaa28211b426f587ebc7467d3921b41de509faf7cb7e727850ba3dcbf4d494d9
51,3629,cb9ecc04cae63a8b0399f3269be944dc6ebc83a46c31873e18098b192ae12a5f
52,5914,943ef54c7ab46fbabf92928c2dc60e103ea0ea1a82bbcbf7dc99ef7bb71dd177
53,3106,b83ddb607ce4eb83afb28afa372ce29238a745f92411951b8c4de32e2c01f0d5
54,781,223260dbdf6887f84ff6066cca269980469198813f92f182bd0251aaff10294b
55,4788,cc996f1d0218d47f21e75f4681236a0807abbe7229c99692a840e4da680f6327
56,5515,d2f86dd43bbbf237dc6abcd7b6e22756d79852db20508c67fb089d38abeea53e
57,3242,2b5a9f6b1a039fce261511c0ffba4b194b6698ed5e7db44f43c35072cd5a665a
58,3953,59f2f3625bd048ca6d7728f2c45261497c3ff72cd760d4d362a058242157a5a6
59,5415,45e27e02a7b24e95b1723924833d073c82b62cfa2939401e84f2e990081dc2ae
60,2167,d6038de98d8b7f16d5ee1797f893bc66128a213cfc5b9ce1770c5521a77fcd6a
61,4978,8b7789113054c1d45d28ec970cc77181547e88e0b840781b44ccb4de33fe7836
62,1585,1e266741c3c268c5af733f69320d898b414f90e9e4684c5c729e09ebb993aecf
63,5050,598e9f47d1a8b29a534310841bf8b1477c8dd3208d2c243189c643bddcfe2f79
64,1033,628a13be93cc60cebb48910a92f3acff22d60cc869476cafe92764f3d33861e4
65,4112,0e98a68aa82c04c7038d99d349dd2bb325358ebce8c711bbaec65e0123c8c047
66,825,135321661da19cd72f72a955096568f584adb954819e9a985e3580a739142afd
67,2494,f864fdc2a2e818c97167c2fe48b4a303e18ddad1248513fe9dc48e51692a1c56
68,3771,cc4deba93809f7bd4c6f51e2b04a21557d4c4eb5308250b44bc761424858d8b6
69,4645,fcef74ebd38e036d6926b08b68acff1c7d39ef95443e9a1e450e4ea757f30c5d
70,3244,8aa918666ecd909614b5a2d440cdb62648118923dc6e927b5e3d7d99d514df5b
71,3651,a79d4293a22a5e7e18e0eef9f99a75330a761de9a0e186835fe4dc46d0c5b5d9
72,734,7d7176a32f10b9d310ae44be1deb33eae96b677736bd828671c5f6bbd70a00f2
73,2448,7b5c8925f1b1e378d29c1c714af525d6cc2dfd7905cce5eeb461ad1ed4b1f38c
74,785,5cdcda88323913ac183f543315c6372de7e19c9865688fd20796730f1f2262d4
75,3406,a916554a7a8b957c0cbedaac6cb50a359ec313524451e01e891497bf46a5dc19
76,1747,64dfc4ebc83884133071f7b0962d619496c05c6fe6592c667b9e208c34b094a2
77,2692,261058249d2a013a9970dede984e3e2592f9016f65cc61f41333b37eac9e90c6
78,4759,d82256735fd598401948ff7b7db7a213140c0310ab95217ccc842527941650c5
79,1193,f22be0e2aa5ecf5272a2d8a2e5f918fea6e713f781ec6a63dc296d981658618d
80,1623,19ac97b97a30b2e0dbabf423cf283b8c5943b6d3a4aa260b75f49000e3fb8b40
81,4155,5adce404dddd440e08c5d6fe0e23d41673609c01b126adbcc084502bc3e4b5e2
82,4909,5bdd483cc296b959f9de745992e35be6f6f4d35716270f32fbd8a6401e4fbac6
83,4683,6878b84c9ff9f4eef45052424d62bf8ed4a6cd08fcbb8080f3153b3f32f60fde
84,2301,437a0b1eef1544eb9331847871f7feb62d6984b5302da292c33759590849a4c0
85,5041,c2894303c3e0c4ce5d81349fb27d45f7aed1e33c41bc97035cd00ca448ce6939
86,5785,47b5ad3c97186f1fe9125497957324b875744babd86839744723c3d18a66b039
87,1545,9498442671c53391bf6acb65307c4771fde1786b19fceb1e2708d8e8d9915035
88,5360,47c7f683580cc182d375d5bee7b0f885870aae2a0db6242ef187e3f21901d9c6
89,4984,1b2de07f8d2bd986d226c4c429726afc681e8865ff16d6ff97cde77b13b95c79
90,1776,afbe44af1b30c416be19a60113a74fd37d00d83673aa3cd404c29999a821fdd1
91,716,d93b33d949c23a1cd6b0e0510f2d74b505c7b5e66e1422d2c682233b8a539a99
92,4522,583d3a415fae59b07a4635cab1cd46b0f01757719ba91d28eac3ac99f1576749
93,1996,d64a64d655b0a445372c6da45305938dcfb6d32dcc5e14e7108ebcaca29d3703
94,5122,2157c41ca028bbd76650889e7d36cfd28de83261b5c88089413d4a1947653e32
95,2787,75dc18725baa4bd18e9be7b1bd814ab3ca6443b75f3b1214d65ef6db99dde678
96,3608,925390e5d79a0df1005a54278585630e92bdc0dec330bdd21848c22f365062a1
97,2893,1a94373fff459037369157103bdaecb674d8ce840596192a9133ecbc555e37b6
98,2246,7d3382d2923f73cc774061c670afcc23d9ec23c134b71fcc69fa6ebd67e49b4b
99,5066,e041fbca86d3129fedfd84f943f4e5a179530539d410e9576c7c08748543944b
100,1662,8fd73517c051049d1819a7698a86565a0c65506a352b6f8d4089c74a0dbcc65f
101,3631,9e6fec90daf8afd912f3e7312cb016cef78c5978189417911477f49eb7c43d54
102,4868,47b704ba89d64bd7d9911aecb8581efefaaacc664813eefcea7fd95455fbfa3a
103,2902,c416566efe7d9056a7442863a79768b26b233e2204421e1c4a245fc20980a396
104,3329,d7b98077f3f35afa36ed925adbf4ba4aaa985d6c80e3f2968086c6715602d08e
105,3265,0f6fb9ad10ef7f168f1dcd1ba8222bfd5e1b1a24ccf297c38f364fac4f6288ed
106,4374,bd7b5704da47eb01a345c741624d8255e22b213a96e81a720fc37fdc1c7153d3
107,4408,79b1c40d150a3fe930b349fb0601c75abd360db94b15f2e403b9ddeaeb006b4b
108,5557,a84251e88621ee4f39de9067deed7ae746c207b76f95ef82060c0e18dbb5cf51
109,2218,e11002519c143173d62bf5bc5d9d7dab50b7de689b2bbb23f57b5324b0d20525
110,606,59c9aff461076544802b1654967f26cdfa1db4b296bfc3cb4dc03e95b3973b0d
111,47,2cf00ea21455c192147fcf2c62678d6f754b79ca43c0775be950dc8090b69a0f
112,3625,363ae961b2382cbfff13850fd56e699c176f1f38a277e236de37aba2139a04ce
113,3546,e33d358339d7db3fbc8881fefcf5b98cef6e7374d4faf3e87858efd15383fff2
114,5650,577d9f9f63b496aeb2d3ded8c49d9c03b7023cef49ad122d0404f4c48568764b
115,3240,ef8f9c38efe713ade2b045e7c62d4deb84f5ef01e833a00a3409fc8286225aef
116,1538,fd6a2564bbbfba54e05902538ba3520d97bd635ff56bf10ec2c593a59ed9fbe8
117,4528,19e947ece0da41f4ae2c3d2280b47260c9daed741f337610c3cb235e5444c0f5
118,1745,3d93079ec661bb837c2853c9eee94a4938459beccb9f5c4369812b8c97ca9ffe
119,1994,2341c44554aeeefa4f219dd492cf02631851a27e810bdc7bf5eb1ee2b5a8016c
120,3565,0182eb422792f42a2991b208c71201af5a5fff77d45bc4149e8f0239a7e623ed
121,2855,1e49e59adb969b155a524e0b1e8b423aecc0498d285509fe50e0e456b6a5b562
122,1261,ab9d718d012435bd8c8a6d93b26efb13177a085ad69fab7c1d12f83fb35a9124
123,3705,fc0427ad7e8a65dbbc2ea0731ab5a835e0c3a8d002776ed1accba977168bf095
124,2320,2a08fc7ba210af703caa6cf5d6fd36c1da65da0f05444a24218007d6531d5399
125,1321,04486b89fe08fcf4854477b6fa919548763a1a7deab9132c70185a4bffe64fd6
126,2744,bcb32b88577b07ea75fe737fbfdc313d553d6cbaa407e5153bd8f0f1a53fe85c
127,5010,61881c6c2d81051ab07c05fdd394152d99d61162b76f15bee025a062037d3a2b
128,3605,0e93500492ed6520fc1eb38bbb9c3f9c05a958026cedf88e348eb0fd18ae8833
129,8,09ae4dd34febe101cd8eeff9374701f5f30c7100ce1b00ad2742f446406a37a4
130,244,e84d358860b29c5fe20faa5f2a9fb8845b5ec53af18930e843b71a131da4c55a
131,598,479fb60b37a940b7fc1558858d0a95b648212e9f754f8121aab9b39cd56a509e
132,1605,42e93a900eb2f8705f686df2f89f8c96c6f8d0c7ed16dc837a29277b0578870a
133,1223,191d240a41352d47d026d9e02db91493825bb8d791bc0bda0c22f19896233e71
134,5173,deaf6845c39e6d98b29fc1086927f4f192d9f4148a9f7aaa8120f58b328d719d
135,2656,05b7178b3b7d4a8d22207c21ca82c3c769d466c3ef1917d87919907bfa4e61db
136,3677,336283f47ca5bc7f316e170dbdf51b6a0f625cc9acad9d7dab33d8b950567ce2
137,5219,561d8bb8be0a55d12cf2c654d8a55bd9664c6c788df8fabb430b2952c94122f7
138,4691,3e5fa657a06e5a357c20bb4dfd4e05fd2ca7c1f88f29c570df9e8d496a326fc5
139,2637,af14773e016d0c8d49f7e1e80388c5d7b6a0b230ee9dc949c7b0d03267afbb90
140,5922,b4b68d4b3162917f32a3375b4f5639a94b167944ef72fdc2a861a4089e7291df
141,4797,abc332334cff27e7b875500c5243c1961ef64dee96a4d7e8b9d68faba6cc64cc
142,3593,438dce1b9375cc52aa34b822074c66cebeb5daa6206df0f5eebfb74b66bc03aa
143,5143,2f6c0ba50b8bfe9250e3bd63dbd26eb2a0a33bc93ae3a4e99af18434d9bd4d7f
144,1657,f12cc98c44421c9a155792048a32c75ae8e9d8e2196b172f8f05c684fad883bf
145,3282,df3af0f1e4a094f9c192584420aea7216f652ddf4a2cabf5854a0a88b677e29b
146,4813,7755e186f99c2453bc6c094d89b9ff05e73e9ded9bb8d5fb1eebdaff7cfb73cd
147,1351,b0209eb44c61566cbaf77480a4d109f58faffb87f07e8a42e5bae1aef010d419
148,5956,2519b4bb3c6eb1d4ac82d5355afcb9e7b88ef908ecc9ee8a703979c16d58a171
149,4564,97721ab5c96edf2aa46f85ac451bddf936616fff053a351759f01f583dc5d9e5
150,2267,8644bb85f33f5cae06d56e7b0e125c455d4a878f77374bdd406a899dfb7c88c8
151,5856,680ac38ba9f6b29f7fa5c7067b0c571823eca52576ac046677b83a477fd2c90d
152,4304,f214c836e1c59a448d1a2bf417b7ddb9c0a91cfc0f3ab2d95aaa90e6a39701c8
153,2387,61ac6894ad53867868ac8b136786ca1913d50cddbcdfea0a1d865804c6d4d5ca
154,3253,43a9730d2f20bcc5ef1a7bed8f8552fffc63b3bdafb7cc91f7dde60b51856a82
155,1682,b28651e689dd9394030a3c1d7f9cda216a3e2221e6d593a58b632a491b477733
156,2598,dac0b60c9a229bc91b630764bc1ffbb9d8a1955fcdcf6e2dceabbf6e22bd93b2
157,2306,daf013105be181f62ad7f0e7e768e3e65b86805107a41aec53abbd3750e0fa33
158,4641,f4cf3b8e979f405bd72ebf04d1c344851935236cb0e79e72118d73f3533f51ee
159,2353,5ea5c5326f793a2ddc07cd3320cc2891295d4ee0add07a0b6373997eef750a63
160,3685,98bab70ba8a682a8edbba76b08068d76dee312ada62d0463135eead57b289ee3
161,1782,2bc4a4ed866215f8ab5c3790651eae10ebdd625f55375005639ecf0d75602d90
162,2121,63253474fc17aa289bc9033b3a333772b9f41a6e2a472c477bd3fedb597f9ed2
163,1936,f58e2eb33931a8d86236949350767911c6b84167a63b8f5331f01d485a77f13f
164,4995,171f3e08ec7711aafda8b01eac0506c33a697a0b3e9467ae3082f873b77bb36a
165,1448,e77784b2cbe35ad952514d3b96ce09af577dbf309623f5c75f55b8ea97d3644f
166,2296,26bc2f929189e41c5e1914c465680cb44cab57d787fee82e4e446fe933917871
167,4769,781666cdc74b42d61e83044f9903071da20ce8524d66c58dd5a06637e6b3d5b5
168,2094,78d71ad65df3d4b5cea73147d7be192b77e32779bfe7fb819127aa1620ff9137
169,3805,78c0fc785ac399a9dc65245d4c4ff80b1350e083169332eb24775d2868d38825
170,3142,7f9e333560d3ee55548a5975f480c459b112c839d4220fb4d5ee946d02064577
171,1591,fe48835eedc72d7dab04af2a2cd09b2ebbf9a54db7782e01f7afb521f122357a
172,5177,2dcd68de4e45501537c80bbffbc16c8b6fbf0b8195c53c9bbb1876880f921368
173,5944,40d322e3cd23b93bbc38adf74b9f2bc8cf2a07e35a2ed79a3524b86faa8b4432
174,3704,7ef1623d8e4f543e80f0049c15e294d1dd96b4a60909525822db786cc98856bf
175,2927,4e33a0d1bb45f8ec50b7b8f35b5ae0c6164571b3d8d18c3e3b7f8893b182a41f
176,5471,218efcd083e4d41cb08e7b2724d2b25f2b5f6345ecd570f70436d9180135b5b6
177,1044,b1a8fb0b7f3a612582e1298f1e3d67a2bb9d81a9aded8106f9858560c8feac1e
178,2078,7dc928d47d8a11e1b7e3ec1bed19e2166a1be386538190f146b7d81caf14d4c9
179,2012,b0f5ff3dbd415461616972f1171fe240a826f9ddb90104bd0d46976e4efb94da
180,687,1a9186a7f7152caf2645b274a22fa87d376a960b82f0d835f505940dc3c29b26
181,3071,09f588e9869f27370ee09650dcf52afc8f8bcf53578d81d07af41ea216cb38d5
182,5047,34e6fe32e8daf69b515e3740e25441eed3c6e6d685dfc27b420f3fb1b0ef6a11
183,991,74120e001e3ee76153df78f3117dd66b77e40a96b10e8300c9cf5963cca0ed45
184,5903,41785c7f45cb80fc2c7fbd9ad9d0848db7c2528eb5de7eea5d19d23622b16cc4
185,2845,067f8ddda9fe441869892c04f821efd3d3414610948d5498e6be8f9ad22eb268
186,1843,a0cf849239eda95c2f0a33d66483f08685d3472dc1b8379b3fe085a214ecc2e9
187,235,b0fd924ac5614d339c508ac4646fec7cecbfb5735082eb65b90d4acabc9a0a72
188,4619,1972e541f9800db7983ee954652839e507eb1598a03b74f4e200eb1d512dae48
189,1763,71839d7f40e2f843e8f9d10430110ae6a3d47a9fbbbe197979c51655ab1a10d7
190,4930,b7c823ac645fbd33b49b1e7708ebced3b69051a9d02111ef4815f2d9bf6c7ecb
191,5600,790a20793322b07f5037723a9953c603750bf16ff6eca5d61748fe7e44a31b7b
192,2309,08d7b81fc9c4fcd4b9725a5e51b7aaefbca58a2155e7ae1e23066b5a23b57ba6
193,1739,aacf5461d0394e62e5ba8327e6aff80bdb1edb1f39a834b14885311612b1bf4e
194,262,cf79d975312dd5fd9436212d1d2b065f6b45662d02ff17cd075ecc10cc762cda
195,3159,a45196a46afe958a60c470548739362567a3bc7a6ee5f531e7d88169167efee6
196,344,3f4eb2eb915e50257d97846f8a91659c42b217aad3b56bc257939fe0adbbb2d0
197,4,4f58cec2413f76ab20c3aa64ecea22cf441b7b3efbcadbb4b0287fd3705f9559
198,3109,f0aa9acd8d8fe99b5bf636c9d2dcdf76f3309e3e50fcb125d4dd97a677c5826f
199,3027,fca991844a9f12ce01367f131b60476aab74f2d0648bf431b4cab3a8aa9aec9d
200,1917,cd2a30e5d24c6e2e364980ca7d2989d1344416aab5248c79b9f953cfba01cc83
201,1394,38f4ed1362c4bc78a3bdfaca49e1ce4b759ec7fac9de46740768a2fe7f08be10
202,3741,174914670aff2ff929813eb9a7ff0a1d3d0fbe558d14c2f92636062135eb2857
203,25,85bea47f650decd6e3bb84b72683ba2e0b5bdbb74fee41b7bc49f7601ac83cb0
204,2965,103abdbbb66da82327571a2da4bc6625f226bb1f609b5d3ffaf870af301af536
205,920,12fca5c7c485070f76a9510d225e8a6d81881ffb895e1a97247e1b3c44761e62
206,5638,408c2912d6ecf20ad57b8af6c7edb278fb2bfeb09e4a6c3866385acb874656f2
207,1582,8eaad01b91c80468955c5158d4899afaf093e0f870fd45cd229a770d9a6c74e0
208,3200,e228db720985df7abce2ef8cc78589c236e9668a2ae99336fb3c47baebed3bcf
209,4041,63138c1654d5eafb0f54795e071ec8957e534543b8bdf511d4ceb3e82eeda34e
210,4445,b0895928458d5c20abdbfdf45af1573323d839aeb8681aea00af60440f686d4f
211,1129,b7ecf97bbe4c76b2f5451c8f38ec69f7a2c73898f80feb719d305ca57626da94
212,4668,d593eab9c79c4c9ed05c54e28f8ad3464e819c520d6f8ef26bae660b7d27413f
213,4618,322a251605af777a3f009d1aa8170bcff8509ffeffba2f4aa6c0f328f371584a
214,1806,3bad052b3a1d145f422940ad7d0beeb2c90e9c6745899a1daf5821f2c186724b
215,5628,f0bbd9b48ff43e25f8721eaee07907a87c2f8f4dc87828a49d8e159e03a23633
216,2330,c9eafb21028bee8b255d3c90d9ba6ada795c07ed0eed8a5fb91bbe197170897e
217,228,89a773c3fffe4ea3049e60fa6f4126e4f9a6f116f8628a73532b8ff6b1475c9d
218,203,d1ce788315cb4b398c5cfe4bf1ebeffaf0f02f96a20ee1d198299c89e110c056
219,5258,31874b078cd8a706a00eabfd85bcae7d1f45286e5d8d68454c67ba1bab896502
220,4911,d6690dad9e1b9ba6106ec3fae9c94c90fbb5c851e5183faad9d4c3e5af9fe4eb
221,673,1e224bd2054e304d3a7bced4f0231f9ec31bf48557cf547869bd9ef4ec39c0dc
222,3507,49977ac5e2d82dafecb51467ea83da7f5135c23123b97726aa814c4cbc0df689
223,2786,3551ee52169c42dcc88ce4a4326e95ba59ed2b1f73f3907a19b6b929ba6d56d5
224,2070,aa3d4852a368430812619a93c1451367017bdf2ab4c888caf9c2afe031d159bb
225,3800,c3d7db2ef32cd79f3034574f665e959b5802d20f1d80f7e587e8b3cf2bf0412c
226,5886,41f26baec7206a90e8ea182d6304958ac39f0f19c0d783810cb425838a0dafc3
227,5872,487fb690b9039a463c67217ac5778c054fd3f2eddbd0e2cca64a9949b9ce841a
228,5029,ff4cca94b43be192452936b7987ee020fc25b9118c7d846f2ac3a1bf252c18b6
229,4326,01657d2ef6412ecfb3e037f2785b893a63412fd4be6296b0657b9c7daaea1a8e
230,5255,d8cb475d0f6453ffc77653c4f71357b361fc24ede91108ecd11918a8c3852f51
231,2107,9c77e4c018a04088488f93fc90e2ea7377eee88c96af5b8ff952d67d29bc18ea
232,2829,07ffef8f654c0e09111d9c7639564f022a2105e73dc4af4dd37736d334a77e1d
233,3301,d2f790a7c452e3a4f498198cefad82315b89217b512aaa3030497c656b789b3b
234,4821,de87edc944d0dad114625bbf9bfb604b157f6ef387f8d879fd8161fc7fc1b49e
235,2099,799455ad1142824df866a0be59294f4daa47f6ba5554b5f9e0968f0b2f50f760
236,3339,c824f3fee75c8d95959ea2c9df19c4eafc700470657812cc839996f94242fa3c
237,473,849982a16a6651c5d06100e6e1df4deb46326443c239228a3cae0b7c45570fed
238,4064,d1141690a3a7019fbad243de2c46e5c2aabcce99f35b95d8c6a3d9b65e9ec181
239,754,8ddcf98418c3e1f7e71da8cf7b2fdc4fbdec5d72bf2663939bcf9aafcabeb9a7
240,1302,539a5f9d1e7fe043b9e50b147596180b5cbd8656cd63045fa180faa0d9414937
241,3619,fbd44e55f870e3d18b4dce0adb9e5a924afab8ebcaf255a02b16376a69a30b95
242,3270,9a64e28a6bee08f02a85d79d0a68d5789bcad400b5ac9ca136214eed381ebc75
243,3689,0bc97de65ab80a3d6000e4af6938160f60d319804306e4ae094ef9ea30890c0e
244,2804,d87e3aec99ce951b79a04cc9381b462c09232d923ad39b7a5750e0def70d7674
245,1798,3d02eb0576ca4eda8d9312bfa1ee383276e09d4d2f004f9352bbcbd257f6373e
246,5529,248831606c0faf21f9168d57e603d0674e560ee505d8d3e15437c47e8102faff
247,5623,71c5a097f10dd1ea82fedb21ea7f163def7e5d55d767120ac1958fb539995e50
248,690,e4c0913c1982d38a7ab8e14488a1de270346f026b330fd6d0a504487020a52a4
249,4098,172522297658bc1af526739dcc8b9eef28d3565ba9c1efce02e735f738e3494e
250,4309,5f93abce80bbf596dab9221dc656d30cab93a1f51903623819248cb17507403c
251,906,26ff558ebdbe2d243458159150ed1cde70bc0c02329ff8644c42c94d237e0875
252,2590,419f93f55526e5daa8c987353da1dd9770d8a810d128854ffe475acb1d382fa6
253,2458,4c7eb12447497fe19874fd719853c57accbe2d73fcfe78c64f6cd432d408c075
254,2395,204a125fdf670239542e16e71c217f2e3ddf4a6f40958017d638404341b2fc2f
255,3549,b10eb1a334a8741257280b9086eb9a94bfdf39a5221604f9061a99fe535fc31c
256,3476,4718d0ab69a922ad445cab5b7f658dc1dc4296f37a46302dcf46a892bbcce84d
257,1164,0b3bfcfcd841c38460d2b62566ef259aa9e83809e65cbe80c8c4b26092574b51
258,2808,1d5f8fd7af83c15b5f37981402f76ad90be1d13440ae2adf2f644a68ea3f5ed8
259,1434,cdb2036191185d58534d1653234c83b6a49b64f5bbf9c42fb09d966e3e7b16f8
260,2177,36c4c5894d00a77360e3f0fd6a5756c7ab57f78db5a7c34b6dbf0f7ee14660fd
261,5254,ba56df1d53413da586be16d38d13f06f5f4cad79d0d209533a26b902261ec554
262,984,8e304df95f962faa6ca5a883a73dfc81984d8023d7e1fdcdc9d64bdc3a90b0c4
263,2175,ece64d5353a225fc9f1ed2f8fe4dc37d7f6b88fbc9ea1e6ba83e13cc9894e471
264,1581,fe0baa84c1b13e97b8c1f94b8b461c72e89e99eca53412db31fa2d2df3dffded
265,4580,a9befe474ba21dd659ed9dc4063725ea2ea188e4930a9b7400c185e848f3e035
266,2429,e982e1aad5e4c71933223e7759da4e3b045d46930b4515eaa1b31cf51fdd837a
267,21,ec3acbcd69f9ce3088958489d710fe6ea4a9c84d530a8097337e5415900473b0
268,5991,1adc7780b4727868f020c4f39871884010b8a9a88afbd25f2de2de76c7be0dc1
269,2014,9f7f95bcb2393a461ab171bd2c7292480484a0a556ce8678538a1fe192b47740
270,4479,3d88b74a086775a6a46d15563d84f589f80cf0ed61d7c931bf5d3719d06de376
271,4844,fb45b4cddf942d485c05a86c292a1b0038493f86cdc900ce80c5d8ebcd30c45e
272,4113,29701dc3c50dd03d3dbe95515bddae0bf50e5eefe9cbe84eada9737d6d235d4d
273,2759,02adaa9e52e237d808fb9a58421986f087d05aba59ac10d85a1511ad8feb0799
274,2652,5910f084ce2e15fbe9fdc941d804516722a5dac401c038cdfbbe8b9cae1ffaef
275,5060,091a1c90133f79bc0fc33a237f4147a140e20c5f1eeb5e715b6e02d47d9e89af
276,4786,9e76841ca97ae1e4bce944fc50b4734d7ac87304310286adbbb6f392915df8c1
277,3668,d47d88acd016511ef90531c73857983989d89dc5594ae4f7599ef093bd99df5a
278,2172,6054b772d2a718be47204354dd4078428b5f2766dbf6ecf3d78a763a2a9e2475
279,4324,a3532f5d7dd95f27461d06f55e2538b719aa5450b8f7f083778968f49c2eb4b5
280,5393,d63fe40b21a0b43da97083fbae8d8103ae03abd0fecad8540bb76ba720f1cbc3
281,1633,eef02e0fd1eb48d049cb2400c740f7b7394e1c55c4f7e723968589b54797a4bb
282,4992,e87aaf7152d9b26f5ccb3477b5558701c4b2065cb84aa064d1e3cf764c050b12
283,1978,8e292d7badeee78782073039aa86c8378b792ae07745cff735f1374021f435d0
284,1616,dedbd25a08e6680770611f17f8d9f06ea470ce4506fca326be01a31426e331ea
285,4406,4b54414a5779fd587d45278a7f1d2b19101fea8dd5ce118cddd13364e2fed282
286,5961,b640b242bf1b3f816dbd47e96ca0a1e7faf3dd5f20fa30606840798a886e07b1
287,249,7e537fc0158c706599e2b7de4b131406adba7cc1240405bb6749d6a848b3b17c
288,926,fc7ca68bc124d00b343d38492801d5cccaa111099c266ce8e3b60b45bbcaaac5
289,2426,646a0991d82367f5755ea91f1bd40dd6d7e4a9d780fd9b14336e67c8a178fec8
290,1824,faf140e2b79765bf099b7e7f7bd445243c5b0d07872001b72864d8c156dc5f71
291,5153,4eb297b397315ea68966a4ab2cb0012965b4c4a94744ee301e6735e7fda1d7a2
292,3799,566df7961d18c2f2bdf1d44b612bc6d6f58741f78bf3b0cf84806728e2b905aa
293,56,8e3d169261ddeb7ee50c0252ef4752700a4a33515ea4a93c3ab095efb06d7fa6
294,2149,94079cd9072c0a7d1785f74ab5d771fcefb7fe89eb1435aa8509abad1b43e50a
295,4560,da7854d9c163b4396ed2f0f0fcc72b8aa18342408a364f76dcbb0970ff4171a2
296,1635,cb237f31fe69176e0ae2ad45bbda5eca92ecb0a3e2fa5b04387014491f4cd3c1
297,613,1f04119dc93cfb74fa3c54ccab3482e0aad38824a2c2d10a1857c5b900e42f90
298,17,b0c81e352f413829d5f2de2fe31054e10ced8ea34246e3c00d78796bd2e8fcf6
299,2340,ec1f78d7c613f56456e2cbee2238ab28ff6a300ade41d7b5e8526ab2684b8b29
300,1477,d99755350bbc5b72c9d55962bae3a5fd4670f164acdf538efa40daa634ec2678
301,5068,79336e9de939f7cea6e6ced5016f1815e73bbf9d5227b9684f1e79184c984483
302,267,1867b5ea3c2e215c465afbd06fc065e63a79ef3520fe75539bcb97b1932470de
303,5132,30e9a58e414262e73badc4c2ecc3887481710e83b60d7637268361cdc768c2f0
304,621,35358b0f84909aaa39dbb3d330425e17e4c5c90b2bb56cfd1163682ea206577f
305,696,19e0561e3f6179a513007cd0f9d4a36b405ffffdfa9ac444f499db665d81e5fa
306,3576,c4e688383c6d05c324820f3539aef9237e6fdd659f8c283e085be65b637c8b95
307,2566,cb3473b0ecfe634c3f00ae7a16951a1b234fe6b9fd10b79fe8e5c88d67d0046f
308,5952,700c6b38a41f24ed1b420788d0a2691d998991ed04089f6311c13a0d94ed9e27
309,3175,2153bd3d10b89cf44bffe19971f4dfd414c8d8d57807b52020f1e76738e1163c
310,5104,834be4f23c2f3d5c43260277a53a0d9eddc3bd4c51e3f410c8913eac516ea245
311,67,92e45bd99c4b5298b6195c5d9ed75ac62c14097a1a6c33a3854ea49bfcd347e3
312,2785,99e9ff32c44ca6d2365217b891f99c98fb5136b3012655518be5c0c8d6470b0b
313,4615,bec1ce2e338aa35109a5202c06a7a98087576fa4358544ab2b41d76f99da9406
314,5028,9e45246ad47d2deeb07411dc1c3b87d05877be9980f530a8f14cbf370075bfff
315,429,ff84417b4ba89b5e6b2e0936e1f809b79212eedb535ac13e8446d6faf5aec2bd
316,5724,397abb5741757e53cebe452ffe4a11bce53e2f796eb6bac3f99426d4b01b7a0a
317,787,1b6af5ad75efdcd39e0c0fade6ac39100cd39cfb21b9a2a8900cb929ea1c88f0
318,2259,527406c73156ca12b57d5e015c4efb6410bb4e6c199e9939246c998d7aa5fe45
319,1514,ccb51336ad81398320e5399a71e79dd46656ffc438035f846ca805bb06fbca87
320,2691,f38055e497802c8ed4fc94c0f17231ea12297ef932771d0b7b48f51902ca845b
321,2433,da0d45a76a8ece9b0bcfe4c411317bf1bb99b1058140a7bf3f412222592de94a
322,3725,211648a93e898d8bdec83416811c0b01a7042b32f391b1a47a3c02f494ffb0fb
323,5286,de0e2cc04af1c4336663edb3af7d855685f9c4ece692b5bdaa109f9321403ab1
324,5825,3fd011423147e8082bb1ffd0ee18ab239aed465dec4a68c9534b3bb85b52ba3b
325,2293,e945aa3841ff6c03ca9a8a04d03dbf2a60599b88067ce58bf5601e7640b6ef70
326,1620,8ee5ab6cf6bb05c927f13d5d8abf24f9f36ba71df0592fcc00ae1e27ac23907d
327,1198,8e2685a6f057626fe80fd22b86eb6ace3d564f84b2ebd0589b69f02741003fee
328,1805,7af2505aeb042f2e272caf0cc3b92d7df08e7bbb0d8f218da4b0182302010e1e
329,409,d07760a79e3415d41850c51fb2ed8e30c938d3db881dd20a1b5dd38afdeda3fe
330,3558,34466c3d2788bfb8537b6bb1834217e6b4c8600f058b7df814c4dfd9c883faa7
331,5710,7c1e54911dfccae70b05ad73e967ad21f0f402dfa8adb67abdb7ba2506531c19
332,5421,04909906f89c5b71dcd5eaf0d03bede7a6a7a183884827873f4f1ebb8dd9d51e
333,4478,60df6fba3eeeaf35897fb5f4318e15d5ff278aa644e14ed889ab469d718062ab
334,4198,723590131de2e34751ee5095f05070429e913407e18ba9484c656534d8abc0c8
335,2397,fb54c3d427b77e3c0cb20bf36abdb67acaf982eea0be701183a5ae936e8f5a65
336,5685,7ba2dabb92600ce929de6d9cefc0f0d875a348382808c2bd4b403c6b48a556bb
337,820,f5d1390f0249d5a5924989dffd12346cf65875b73e42d2f99614bdbc5920b411
338,3917,ce5912c8731fa33d310e263a0c29bbb20c0428714f04a8557463811f5bf2ed66
339,2339,c763b25a42c7ac0ca5c8c8b3c3862221deea989f4dbf18eb17bf8aadd441253e
340,3913,b833283b6677fd26f4b9f0dbd513a53b4b2a990da3d313c81ebef72d8f4da0e1
341,3736,6f87975d97f48cca15ab4f1c5d85b9c12c529f49f6e5ac41518d98ba6e437540
342,5561,444c36c9c7f12c59a93db6e8ec49e410f87c4aba9b110937cc158630268f7ce1
343,589,f35bac8169d7087bcecc00b0920483089ec8b50c290ff693d32d009ef58c5dc1
344,4501,830aaff103425dc14ea8f2d2fc3178157559528191dabe0d79c7f9a0d967d5ae
345,4379,72ce13e4a439d96754cb9ff7424918756f045112dba0fc50ad9201ebb5cd1bdc
346,1943,bfde5a2d47b4a337ee7e9ccdc466497792d5562af04738955d32bfb839986fc8
347,4724,0ade7747de37d56a8f41e7dd634f0a22159d05490e886e71d179bc166da3cbf3
348,3503,718430decd4e12ce5678f1cbf4a075b2961746b24c065e43e1427e9b4471117e
349,2485,b15f35dd21d5551185ec64701c7d22cff3bfcad53ee22c98f777f7f89547f259
350,1397,255750e4c122ce8c12d36d7adc68215b62e93ee2b7ebfe31f250ff5ab7437274
351,5490,30fc3ef69c0fcc3f35121b839b80954aa4ca91c6921446190490c139c77992e2
352,968,b83a8aecc0d2ca2a90c6a8925c510d2b71b51fe3dee35e56ac52469fbebba682
353,5134,237bd1ca02dc45d2f707851293def019d0ceb14d24c6a6f1b0b629dd94378bc1
354,1848,3ef28040bc24ff8cc411f49a00a1e17a13ee25651eb68c323c2ea35ce9f2a00b
355,4287,b5e88413c0bb43a047e78effde4014d93e1e579b78a1bfc5dae71db1fe534bad
356,1998,029108f4a4e3ea2aa5289c2276c51d21784e37822ed7293fca6e8faabd6dd23c
357,1560,4f80cff47d4071c7fe911876a8d04b5c32b6e334c15ee0865f9d7c59a50c2d0f
358,570,b38511ed2bd7f3ce59bbd81c75b7403e2c449aeeaca46e0f3249d53711a6e33e
359,3214,7636d5843eb1cdbcfbbee07c73fb8348e67e4b2aa59347a513a85e9936241640
360,1163,e561471db64066e999fc940445feadd2a8eb392aecbad7c7193a7b3c2a285bee
361,279,cb7c7409d12b4f7455fb0e3cbb6fae489950a84a879b8a1327acccb31e6d8e7a
362,3493,6373e10105b0b581b120100c85feaadfe36320c4281a03235c84b314288fa1b7
363,5791,e7cf726dab43bdc6a33336044321806f2f36a2cb3433b39e1b23f861474fa4b2
364,4010,a9af3c64a0aac982d533fecd2c4b93dd931d3f64b557a42dbf52de5f108f20a1
365,5585,786887f764ae453c1307498bf2956d2bd72234ae929e2c74e405614f4cefd104
366,3594,30e580e0eeac7c37c5e77caae3875ff0df5c05be87cf9d1423094633226ed7db
367,81,ed03c8947cdab51ced77af0d17a5bf06a990ab415e3695908091aac3698934b8
368,5105,37ce6b1fc64fd623dc9cc96f68cfbbcb4b1df0c140445ee0639605baafca19a7
369,4049,4f28dc4a4e161d4c9fb1d37df540ed9536a5f4fce35730cf5ba4e76db06c4ec0
370,5264,408918e98d8bc58ac567591fe70928151b802a17dfb915ed17e7195c061ac299
371,5834,3e3c861805bec6a534144093652c9f80090a558da3879aae9357f0fdcdd89100
372,3280,cd4bce7ff000cb7e7b8625cc320f30dab71704b5b5196517058d471183ebf2de
373,1046,7545f5237e3cd16469cecb1277946430b76b80ec7bbf1ee21c59f2319ade1e0c
374,3101,3d0afe394823b209c6bcf9fc48c09e5fe00425962aa5a81f69e75ebf0c06c90c
375,1639,af5cfd89c452b37de04c63c146d4ceb1a382320e3febddf837fb6cedb58f0dca
376,3861,31af960ce1bab3245fd5c6e26f36e87f8e9e6f2de357c0079f9eb8f0ff62b4d1
377,4048,e018161375e03f03728839a10f871eecdf742338dd80cd31b7ae01805bb537ec
378,2077,46f3e4eeba8f3b1bbe6b422bad779e3eb7959a1fae2d6dc5c8f4ebd23505affe
379,3162,325533a7631de11b33254c945bd7a0bd56b444c9c6eedaee2b6a987ee937ddec
380,2050,7a3760ef3f10e8c174d45aa5dadd55dbae158c33a1a48b2271581e9e548c727e
381,3542,3fc8bec9a1c9094119ca107519e354e8cc63dd756d959c051229332067a8faa7
382,3890,a8c7423af50dd996642f13e253232fc1077801d41e57bb4da01b8b2439f510c6
383,829,2748e4bfc54fdc2f4af9940ae0a9c17941383f94ec6b0fd89881095545de52a4
384,2968,f9c1345dcb3ce1a76c214a7991fb2bea464603f8f540340f5bb6d5ddf3707a69
385,5758,7ad1f78a7271eec44957f0a3be93782b48adb9d11728cb9501485c10b68fa4de
386,5089,ce09869b8beb4ce1b26adf0851c0e4bd1b939761d2bcdd42a4bff8e953ad7dc4
387,1406,96a9c4083f79f5fca1944ec52aecefe6f7ed1e9fcefc58a9005769cf7be9b90d
388,3706,cff5374e033d35e692783a51f32d7c7eddac23b759d583ba9565e7e4569c18e2
389,5719,b664101c39c9065f45e6974dae567e2e4fffbeb829257e4d9c65b8a335f50d64
390,3201,62cf31c86ee08d675bb32a1d9301fd05be395c048aaa2c203b53712ac1ef3e3b
391,4058,cc27f67d553bbf2fc78c3918b3698a8b41b17d1d638acda5f66bd1003026e82a
392,328,ed205416d236e3240f79752b9227c24d086e32b9ff3e41e28998006ddcc234a2
393,3305,ed4d2e8a0dbdfbf47de80705ab204c96dfbc4549a128a1837d78a30e61acb3f6
394,2617,7e21d23eccbfe3c27587266813b86a51dc8dd43d24d0891209769c6ab860ea22
395,4079,accead234fec64007bb3d9971d7d02d6c560213094748ee05b17169e3be97e96
396,1707,4373dc4c10161c9f750532fa88ade23a77d6068b6427eb500e9434b11d9f8986
397,179,fc46491c26f13f196c1678d471bfd414a628b844c7621a297c83858eb59d222c
398,2903,4172f747e83f702d14432e7296a4236b271089ef1da311f87776f9ecd7ba8250
399,4636,fa9ebbb5cb526968ad3348913654b6945a20c74144372aca09cd285cd59dfc43
400,3360,856b368048b815200de52c2cc03a6a6cff76114aacd768ddc8cdf8d135b60d73
401,2464,7b18ae055287a874a224caa64e3d0584ce3d42b01fe2e7f250c23e4c1665710f
402,2266,0255dd9719cbe15ad13232465dd292d46428b218cd2d311e430ed76d1cfd821a
403,3427,9c1bc18510accb56293e354cdef8e581017ea97304441b70b1b681b88395e38b
404,4726,d0083ab16405063463586d2c3068bc4e5c9597176f75ee8637c4dc78a4823ef2
405,4065,6b7bfaf850121c00acf0c51cc347809717729f4d7827406a9aed3f68fd437bf0
406,5474,adbbb7f13942f6dff82b5bbf99306e1f6030cda901304142e5cb518328ad4172
407,3523,07a151876f9951dba06610989652ca45aabdb2cf02cbae24d2a02507f819b071
408,3279,85c8f3007f7746bcb75a128e4b0c5e53d8ccb3dba2d5262b4793ff101d5e86ad
409,2568,9d915a5f4329f0e463b1c3fc64a61dd428d24e6ea311cf32ef129e094dcefab7
410,4292,b6736ee94b2670b0067e675f1da82274e1fcaafaa5606ebee1eff89ba5c0b254
411,3220,3c58cf5ffe39f3bc5511094db2a4168d9137c88c321e52353ebd1f8ad846954c
412,5025,0b439760955a1a80deb488ae942dfef9f2867efc3fa451bf08f9154087e61ed6
413,5285,50342bc8f8c8664c01c5620171fa6d28ce3e3fca1fb8fe6cfb6cb1204a479e1b
414,2106,df04042c39d610a29f811511f8d8dda0ed837633388fa48dc0576427df9dca06
415,1186,4999009653e9085b9f4b825a0bc55954c7556eefc8b1f8d5423e19727cc31da9
416,3364,026c59d0b7492e2e5a40935ff6979fc916ae3429489561dc73a203fd01ff9305
417,5231,17128cf302c18fe06b6299e35eca0ee6b2f5b50f6e910db8d72803a22cd6d415
418,117,10609357df2123f0065126d3184d23b93a9ed98273a00ec5270e9eeb0d0a9bc2
419,3107,11e8ecc2c6c3a25a1f679c72469786911638fd903f9b882e795ddcc164b6f860
420,3104,312d7af7aa712cf9e2a6f54a6d201ebd051ca0f6efb47fa02f78c4e1727a9a11
421,434,82d03c18b9392ea97fda91f9ec73d182f35bd40d633d57fe5bac78a171f67947
422,1975,0e1a001bede602a36ebbf73b887405fd52d4e6fed840e53f2fc40634d306bcc2
423,4545,485adfc76ebbb2a2c7af8630e821505e846458486730618fe077951e3f4d5eb0
424,4727,43d44c29865ef8ecfb43d2a1b68cdf92155728876336c463e079bbf32363a25e
425,4895,12aed9cc7d8a159cda915c0f53f651c57d610df3f606549fee9a8c77a85385e6
426,4577,a9d019ed95913e946b647176ffdc9432c19315661fa8030d4ef58451ae427701
427,2894,67854872a2bc93b514209a7dcc467876a8c0ac5513881f0508532a5d53988612
428,177,88cb905aa6dc906181a2d3c4eb004978954319324299f5f8046aaf4532b3e5dc
429,924,2c3005701d13dfdcbd718e28e4f5b69504d8b078895522fe5e4e890c09e6e9a3
430,1799,096fbc9bacaf329a44d16259951c46521c4949d50bf6c7ae5e3982a4688891dd
431,1642,a2be196ab37cbd2714bcdecba3e564c4dd49dc1e6ecaa45f309707adbcb39124
432,5496,e8073e03f6657d4478ca0fe1d7c960d4b990e6742de572298e4cfb3df04fb333
433,2841,1e9465b8836acafd60d49ec78f3a90c5edfa6972103d27420d1c2e4e780cc4cf
434,3273,8e175eef3319fea00f1756a6c7bd5b512c44cf5c60ecfde1fa457742d660e190
435,913,11465b92a2a1506110366d5a90af1f8dc529164ddbc7f6bb7832c1f80ae9800e
436,5348,4473c6ce5e047adec1abb40d78841ee87c4d43ede30c2f61a2f497b2631543e2
437,1950,9d474d468af1b9937f12393082d9b2534e0bc975d9dc89440abb8bcbf2e8d6a1
438,3383,7e821eb90cf174f7d4f4b9784d4ddadb01e7e90e78a1550c926724322eb9b9ec
439,1767,c0a3ee73b3feb28e5f25c463606b1bf9e3f824bf0c08687b0d94347b08fc3cbe
440,4841,e6057956d719c595801a06507f9321c59821e8a00d26820e2d72ebf666084bc4
441,129,4c365c491de2901b71d9c43ba1a7f51000efd57faad5e73605f91fba370a89e3
442,5587,4c8946af76c74f864b1d592434b1a299396279eacc1ee7d03225cc93f452e8fd
443,4718,785da32da8dc6a1565c34c3b1219eb398b0a9c249542ead77efe90f05b907e3c
444,5467,e3ca06854c1b614aa47bd567809c6bd78970b3942a9789e38830497ffed05c97
445,5936,89701aeca2b3129d80f3536787306a1183c43d7c445d75010d66d651653c59fc
446,5116,5101957fc45293bc37d2d0edb718b93d7c4b3072d548f2b48f1c2a4b72db10bb
447,3832,ef144f0063cae6c2381dea824a217e8c02d76000a51a3c304253db5d931180bf
448,5072,7bf25ba4b97923db79c136bff089f381c3c906ff109c2430076c1ab815cabf05
449,966,ecfd07adf69a96845fca870bb4716c4177de2ccb7fe955f6edd068f485a34546
450,5140,ba44036be3a490096ceb984e29424e317e3a547d854fe011a309f2739ada3b08
451,1469,87c191a14f18fae79ad2ef9e8952f1ecfd0cd22180e1617aac799fa709ca6086
452,1872,7967d7dabb3d98aaea864429968c60477301eaa833ddee1a3f996f12cffe93df
453,143,3a172f78d57892079c6844078fc04580941b642ad9135b38c2ab13e099b461c4
454,2226,ca7b160403f86d365ddbe2d27b7545e5cf2a25ecf04cab4dfc87a5ac14fa58e2
455,3817,5446a4dc4fb6b503903920d91ac443890aebc3c50e48aa394f731b14a4622d82
456,5439,86c949b38f41e3334468ebbe05807a752c42d65f51fda53d727c20e622fceab9
457,2236,18d5f9fed51a9e5633f084a20f118ab73c6ff80a8d97da2c422c332f2f81398a
458,4971,8c5107345d7fc7b9742ff6053ef746822616ff994ddfabdb7242d2cfd7301396
459,334,dd74414fee8f9abd31a5a912859ea9be0bbdfcf53da8ad63ccc1262c6a3db25e
460,3278,7cbbe942b3af8efa70bb195b55b99adc3f79710232d8c0fe1c00de839e7d9efc
461,3670,d7a4d9c24bd8e9e11180ea7e895d62f397d9f89f3110146fcd15eba60765db98
462,1286,288ad808d3b6ff932c1348b6874351fd351fa8ba974922f87a78e10e5648f2d2
463,3233,c6593bdc0a6dbf1b3d6e8c0e78ae0f834c633575976854e84672b5feb7a810cd
464,5262,02c7bbaf2c1fb03e36f831d50069cd0f56d62e6390d639f00c54c75c07f32a12
465,2935,d4834904f82c2539ecd3306574b5bb11153338a2085a6381383998528d884525
466,6003,c5145b99d8d24b0ee74c863fcc516ab960e5d5dcef6912ac374b82b4c38838d6
467,3140,533fa65a702e4f0da5bff32ebcdf46328727acdedfff18e9e933ba40855da81d
468,71,04210c6dd9a436013676a25c8ba6600c906ce3fc07c06cec38f0c198b71425a7
469,2388,3172bb788ebccec520b38cd87bcf61d93dc3694452be4b9f17f7ae269f50e9f7
470,2647,ac955766498f3b091d2a32a5562bb54f59ab191699c8f884b19062989793b1b9
471,1064,def50f20900a46dc08ab867f4180d0945581edb73383eec830638b47175126fb
472,5621,99d8d3c26e0e7658f7f0897904066cc65fe6e7e8e5ef56e5d873f38fb4458b50
473,1980,424933e7e4544c978197a8e37660626c1ddf04ddafa4f4f936c32cfaa40f2164
474,5330,a176b0798c605f340a3650addde30199cc1306c3ba9c0ff629e50a9a975a6729
475,60,73118225eaa1750b29a5dc896a3648d5542346c3d4d29e04a3dccf50ff3e51f1
476,5731,3dd7ced98f4c6932d9b1a34ec18a295d4b8eb0d94072627c19487ee4e960e639
477,5817,895a44b7fdd5f85814cf174e5e7e7d67f67759d163f7db4738463bdacf04b3bb
478,5322,ea58fc5cd6c04575807179d57a6d044ed91ce04cd696ebc6a13cbb67c630a16d
479,4617,aad94037fc5f39bd3731b43eeda7fe5777686a2dde533e62850bd30033507acd
480,3150,ec944759abcc031437ca095f8cd6bda2b4446cc351d8b874685aad189b2cb490
481,3590,41cfa8a9efa3d46b99e68161abaff56d9f5ad907376abda2b6415a9a38ac82fb
482,3778,dd2b9024cf7968ae091ae43c6f81817fc29179139770d522c890f1fecd59d8d2
483,4469,f286390b6ce8c9a6b246aae354c4912fb39c29cfa1b2079a7145239d95ab23a0
484,4714,61243178a1c74ee5a2b966fc08bd67112e004868bc847e8b539be9cc10db8b06
485,1427,c85227bcab992c7cfa93e418108a6444f7d8ccfa02f05b9aa6923a5b19a3ba50
486,1461,47d5398c6e9bd0e3ae8e280be96c0356ebec04a589de0dda3afb5fbb33689b24
487,845,e80e0a83b796fdc75d6be985a84c57159af0210f953e0857431307e823ba5349
488,558,1fc06cac9134afe7bda39de0059f3fc560ada2c6f16fe85445d17aacc2e8a989
489,2696,adfbb1767da8c792aa2153a30cd6c88d0313241cfe1628238569910ea730a08c
490,4194,63103d1183871fcbfd45b0410f5a42957eea86ece89a3de0623909c5ffc6a688
491,5707,91c3606fc7e138cabd70eae2043b5d3cf74b37b44ddb2da45db4928cef9df41f
492,3751,d49180597487bc7372edc455f6c8ac0281cfdeefe12119d66447da5a16f26f07
493,2758,c4e97d82457a09dd15ff9f68245e015ba19b9e2b7a502b74c6d24d48fff481de
494,977,dbcb60fd9c0db73ffb6ea4a4e302fa3cc55924bdc18f02f370808bbea3784de4
495,2430,225c1714779a2854562531a3fef16a85ec4ec55f759197d3aa19ee806581073e
496,1023,3b6a839d138c4f06f7e902032ee83fbc1ac14ab148ed2ae6c768626d65a19c82
497,2251,5451b3fb2dc95598a2d8a343cebe42f3025348eec77c0eed1a2337952f1d203e
498,3327,6be352e0dd2f81c333b3ee539bafd94ee25bb6c05b28b73acfb55ad699c8c861
499,3370,ad98d3829ed577f3a2332c609f6990a01c07dd6346aaf55f3641dafee9e9119d
500,571,7b6145e1cc530e8482881220121bdb70a36084614d96d476eeead9aa5b75859a
501,5374,6d0cac7ee5fff8940b4081716ba7865906f426ee20071a4d107b8258b6940524
502,1861,3594a0e3b4aaa0d86b6b3f3a6d8c18c3244fd7923e0fa2309c635e1d3962267b
503,5760,19a996e3bfe7087c1f4f0c5257741755b510fdea5a713bab243eabbbcaa582a2
504,5185,d4076c6abf6750f23d6298b8a513c197e755e746423d041c7c52b2fe36fa1efc
505,949,024d44b51f0c096bbb8773d2d309d5564ae0e65606f998d6e6e885978fa324e2
506,3456,2259cf662cc2a4878051b07070d8ab0d0a6bfddefbcd29e309f1d02eb507f435
507,1381,7af1a7af782f081a258b1e8cc9ab7d0a8ecdfff5e01107f6b8df2b800da153e6
508,4133,4b8d15d65b8947ffec340c16bb74f888476325e2e070e107bc3c0459c9d8d32b
509,4165,d42d930033dc13c5edc64e836442840c7969b50af69174373b6c3f7fa33e2f77
510,4723,02c2179efa7477191130d38bda79538de8908ac4a3e2fc27936983a228b77503
511,522,8f5cd22861817a5efb992839ac6250c8087b6732a0b3f612c2cb95540272142f
512,1856,756d1c26e7e01b9a76875e149e733ac0dc320535eff4c7f96d6a8b47ff354dc3
513,1384,42f465f1681dd1dc0fadd79aa13560372eb5456aa3a433d9dd34329b40fd8851
514,786,6259ac17c9fb7f5dfa1eefbe93343b336cf706f06efd7f40d3aa3add2f678615
515,255,ad64ccbe6cf616d90f15f46997b2ad380c83cd8d78938dbec502326a0ce59ea2
516,4643,dc8932ce7939cecac38482a320a467587de1b765e60c243711590fbed7e52d95
517,5679,5fac347a456a122192df62dba9ebb10021496465a3122fbe4bf0b730d2e52e46
518,3672,ec2b0f75d3cd664d05d78542263d391ee3a7f46cb95fa3445f4a6eb99287f998
519,4965,385d5b1c83a439cd6bc8fe761484864f3686b9c783b25f34061c996fa4ec18ac
520,3070,6906b3fce3dc01d824cbaa6e64150649274a3e30b431b3262af12abc9b3b400e
521,1078,58a1470542f771b307beea0a7128c3a0eacb21748e076d23491548747d7407ac
522,5329,fff60e13df53f5882b784196f7be4c3d52d145846f485add26f6bc421928feb2
523,4331,f7a06fc3c2ba34ad9e5fa9637ec413e87edbc3bbecc2c0f335a6b63002c8e445
524,3498,6d8c9561d60b0de271c1c1e7b7ea9d9d302ec827d75d3d755a65757fcf6b4d76
525,958,fac26af75e1ce913170330098abf1adf413108a908e6ce4bbbbef5559e848fc6
526,4036,dee7db817fdd922ac81d92416c4a62e0dc5a0c1034f00109fc9c2166b868d507
527,4934,8ed823b4cd261f9027e69d3ddc9125011fcd86ecfdc6c672c9492a17b4d494cb
528,5732,43e160f74fabef761c7e3529c81cab98ca845f8b58c059414896573ed05666cf
529,4848,df4cea90a0ab4e2b966924757d6b781bde9be52a30ef480139335086da29febf
530,5310,56f67726a9ccdd29810376babb768938177b5fdb02b4b22319303a3534c8d605
531,3275,04aec920df72836c61b592ba1f8f2830147fc02f1852d8dce45880ef64887059
532,4923,947bcf84341fdf11662e87cc4f35681f1b21556c4bbf9d6be2061952a012ab95
533,1492,0272ab61ff6e31fb26f251bf45a7ddfe797e43d3e2ae616a8fd37b27b8b318bf
534,5597,92c254f8a6a1ae2d9efd282532eb6e0e9bd20d4f42593f36d9f6c52f5fc7ff5c
535,4196,e5fe4f67fed2ddde6db393f42a7b8d2f5ba27b89529ade95a7b842e717692482
536,1772,dcc5740bf674f114b077a5c7d06ba93a7862044fe93baf93ec759c9cdb5c3159
537,4016,7ca96b91c45bfd3be5a3064c8cfd78b930a15ed3f36472ee882e415916a15823
538,4570,0289e8492544d3bd717f41b6bbfbb4f9e867be7db229c88d28ec18d1026ea715
539,3516,a6a9c08507397278f1008f5270bc0e68093a7a3020b461c619cf8e37708a13f4
540,1758,4b6fc0c259d8cc53a3b2d4fad41b36165c448c885743835432a0cafe824f1208
541,2189,c9e6bee51cddb5af3e054559ff4dd7b34f88b3f1c9191f428eceffdd496c1120
542,4957,69827b5c0e84f7873c0c3d3ca314cc8ff81b116a7a0f9c0a14176bb878f93e5c
543,2778,5c3bcbbffa2e7c283019b34c8106fd2b182f6bdcd2f7ee42a5257866a4b7b0ab
544,1464,42fdbba55fff667f7827f95c423a868bd3fac5270fd885e0e680cefd0c6c0d14
545,3309,30a12c16e4378f7b6dfc1022cbd6929cf133b1eccdd422b1e41b39309cf54a37
546,4894,f1279e6ca412c07cded1575533d135f129a191efbaebadd5409e3bf5cdd2005c
547,5155,64cb5d16f2af976bebef477e9b682bd29efac20b3eca295b0ca39117f6867383
548,2153,a69c0e4a1f71aad0bfa2e225de52ef26d27b3cf7da7c5ffa11f03312005335e4
549,4298,e7005de0f0faa9391c09ab040fb5cc3c0daf5f3f6cfd2123bbf3c52529d20a24
550,5579,f15ed400e79b774a1d8a0ce2ac14fdb9a3e89111ff5f90c907113a37e5747dab
551,2587,e9233d73747999b0a93a6b00f50eef9fe57319eb63b3a805ec8cdcf76fedc558
552,1814,b2d00f95c2016b99423e4d29543efebc8a682831c3bc8be3d62e2e927d8ba46a
553,482,ba917a33db96e30405a40c9ed3168f395886e7c54d6ea1571765cf67d4e558b8
554,89,f501b5394fd53de17bcc1c48bf2ee51a3d2d1754f52ed57f277aa1f82aa22191
555,669,ed7d72911599639e3ed181b078f3e8e12f7fd1f49e3ee8fef6c38be88125ffba
556,1786,96d9d97af030482cecdd5909ebb04084871dcbfb50c4bbafdae1f11d26efdf41
557,4768,fdf948517bba316f5a6f7841ada72c6fa0fa806bb4b66b0d0885b3092a749f4a
558,5544,a0c25a89435654f226f3dd0839a6eed0ffe260c9822f6167003f3727bc00c0e5
559,292,fad1126a3e772838c0ae995bf2a5264d9e827efbc5ac5984419cd8ecd9974f4e
560,5746,3b718cf3099607711ddd4cfd774275266369369d3264821ceb335253f5b8cad9
561,1766,a92d4c120ac281ac693689aa40121544760171d1f57c3a1a8d476176c2734fb6
562,42,6a936388a5c946510e8f2d58a22fc0093acc8f1bb9377a1b8216ddb736fb4626
563,3639,77b9a3f822eac5aeb4c2c08b6bafe3e9c218d344e24702e8d3efcaf0671acf75
564,1179,3a5650e05fb7b58dcb80bcbc678333e8df3723704a914104e6273439653af153
565,1818,d9707290299c6de0bd0e540e31302f04f9475926a5b9d35aa202ca0735dc8ca8
566,4977,9028ef852ba97ad453e2f4a5376d8d092a987a7d53eb8dab1216567eb565ea1a
567,5517,cfb81ffbe6ae565a59a1cdcc2a695c5ca02d2bc2082aa5d6a8f1f773df13a518
568,2222,50db4b9cf381bc1d9a3a4e5203ca392fa5321ec4adef1ede240a80b522af7106
569,1699,02f19d97c9026c77aecd1bf8495f71d22f87a6f91065be4c91e6bbac0dfd9e9c
570,3794,aad52d14b341113cdc4286ac6fa1fc200ea9668368deefc8d63415567eb1e946
571,2227,e850bd100e9373925b67950fb2f553321af18e4c1ce71de22c0fa66bb064431a
572,5335,698e662fb81404eca6456117cd040015d3ca1d60bcc60b58153a27c7eead9741
573,4507,2fbbdeaa1691b4bdeb324bab069792daaa290a07bb7e8aa761d41ebed088767c
574,2706,285976f998f015b0fe528ac63a2e09757db0e4d8f9bc7bbd862c8703cabd350c
575,992,039c2e360578405ea3a80c8dc9bd6d150cc89fe50655798e927133efe3d84c32
576,1525,c78f9b534fff19f292c36def2d008ae567b477da4541a180023034841947c955
577,4350,d440629ef200e807aefd166e05b2a1946b03479160d2cb21e642dd3295d7462c
578,2537,573880b2151d71dbe670a36d2865f3f38191b70496749fc51d7846395a1d8b99
579,5149,998faa9b87e8955c78801f28099226a992b5509282e48679bcb2b436352fdfd0
580,4477,728a8bad6e0343908127d25f4c55c7e2dbdc2bdab5c64cd24c6e3516bfb08017
581,2123,3ada5693d53ab51945534885912734e82141dd520c047d1c305fbfa69e90539a
582,5222,5c4b6010de2c6ad8a57c297667429971101320f8de37c254828903f592a71a66
583,2622,e2603d1ba8bd83bb28e36c31633ce140936f4e3db2f9bb6ebfc47bb5f849431f
584,1954,0b82eecf6cdac5d247e00482be09cb4d6aaa41e49897c27ae3b1e6ed519c0b5e
585,3393,409a0ef3cb940cb9999e5a7744df38262a226420abb19771f4c2131b0c17bf89
586,2161,e18afb4217c8f184803e7f322bc9d92fd6b0051f0d14d85dc44f4ea1796fc7e3
587,2850,3e69a585cbb42be1f48553ee850525fc0ed13e54213ce65e642fe355fef4aa7f
588,3374,cd602db224a9a590229e39688cfaab79d81eea300e1f2efb6258fd15ccaf18c1
589,2460,2d398d314b6d1311ea8f5baf8c6f61c3ab9a0f673ce256bba93b2e20b2e5cc43
590,3654,b13561ddda6f9a8742257648b47bdf50bfa3b8b718eb3919a603e76f4546b037
591,2192,1f1d9f39e0794f145bc3c9852f9feb6d8b4d4cd6d7109971027e02c119a30f5e
592,1315,6b43b3d0a792e4cac2f589b230aa96256d4fa0faa43d56d6a8b9a34fef7a82db
593,339,f57b36025ec2df312a239a6b06fecf8bddbe6ac132bf83ee512d04ab5f18d79a
594,475,45526702ad758922e10eef99ba15e54be1ad3d58a0fbb61d98219bd20ac3ce61
595,4903,9c5404261b81e6c848e0ff8d711dcecf9e02334eccf96e0f6981919a949a82e7
596,3052,939ef3558e55b37944ea722efbb06e849cd6ec1479d1867716d1e699ee1d67e1
597,2774,b424f0516b159b8816ae973a58294d4efa01f49cccbc3b099e810e2fb0274832
598,1698,9944fb03bb5c99efd79e041aaf0c0b33bc625ab22d665abfcf42e17e4d69aa5e
599,4085,4d607390bbde803d1448f8459aa1aaf44fd81bfa23f9cc2dc4321375fa6b9e47
